url,brand,model,ram,rom,battery,network,sim,warranty_months,discount,price,location,image_url
https://www.lazada.vn/products/pdp-i3106405420.html,Samsung,galaxy a15,8GB,256GB,,,,18,33,3799000,Hà Nội,https://img.lazcdn.com/g/p/0b8f95d0b16f890a9525bb9fadb60f13.jpg_200x200q80.avif
https://www.lazada.vn/products/pdp-i3106402147.html,Samsung,a06,,,,5G,,0,0,2590000,Hà Nội,https://img.lazcdn.com/g/p/8fca1260ff930023bbc7de155cb68c05.jpg_200x200q80.avif
https://www.lazada.vn/products/pdp-i3105282159.html,Samsung,galaxy a33 m,,,,,2,0,0,2800000,Bạc Liêu,https://img.lazcdn.com/g/p/1b4bda07c3ac497a1c0731d44c03dac0.jpg_200x200q80.avif
https://www.lazada.vn/products/pdp-i3105146001.html,OPPO,ffind n5,16GB,512GB,,,,0,50,1600000,Hà Nội,https://img.lazcdn.com/g/p/448150a59731e5622f60b1f9e572afb6.jpg_200x200q80.avif
https://www.lazada.vn/products/pdp-i3105144009.html,OPPO,a57,,,,,,12,50,730000,Lào Cai,https://img.lazcdn.com/g/p/857100c619ff722fa2778d31fb3f04a4.jpg_200x200q80.avif
https://www.lazada.vn/products/pdp-i3105135019.html,Redmi,note 14 pro,12GB,512GB,5110 mAh,,,12,50,1400000,Hà Nội,https://img.lazcdn.com/g/p/ab344f79b1c1a2f2eec197483ef796a0.jpg_200x200q80.avif
https://www.lazada.vn/products/pdp-i3105135017.html,OPPO,ren0 10pro,12GB,256GB,,5G,,12,50,1200000,Hà Nội,https://img.lazcdn.com/g/p/c9800d75f3242b31d013cfdeacfbfec6.jpg_200x200q80.avif
https://www.lazada.vn/products/pdp-i3105133001.html,OPPO,ffind n5,16GB,512GB,,,,0,50,1600000,Thừa Thiên Huế,https://img.lazcdn.com/g/p/448150a59731e5622f60b1f9e572afb6.jpg_200x200q80.avif
https://www.lazada.vn/products/pdp-i3105132025.html,Redmi,note 14 pro,12GB,512GB,5110 mAh,,,12,50,1300000,Hà Nội,https://img.lazcdn.com/g/p/635872d7385961eccb0a933ab641f3ab.jpg_200x200q80.avif
https://www.lazada.vn/products/pdp-i3105128029.html,OPPO,ffind n3,16GB,512GB,,,,0,50,1500000,Hưng Yên,https://img.lazcdn.com/g/p/7cb3bb78e90e2bc2ed62db73b015699e.jpg_200x200q80.avif
https://www.lazada.vn/products/pdp-i3105127037.html,Redmi,note 14 pro,12GB,512GB,5110 mAh,,,12,50,1300000,Thừa Thiên Huế,https://img.lazcdn.com/g/p/635872d7385961eccb0a933ab641f3ab.jpg_200x200q80.avif
https://www.lazada.vn/products/pdp-i3105126034.html,OPPO,a5 pro,,,,5G,,12,50,900000,Hưng Yên,https://img.lazcdn.com/g/p/1f4ae9329ce490a5623656a812fb1ae7.jpg_200x200q80.avif
https://www.lazada.vn/products/pdp-i3105123114.html,OPPO,a5 pro,,,,5G,,12,50,900000,Hà Nội,https://img.lazcdn.com/g/p/1f4ae9329ce490a5623656a812fb1ae7.jpg_200x200q80.avif
https://www.lazada.vn/products/pdp-i3105123085.html,POCO,x7pro,12GB,256GB,6000 mAh,,,12,50,1000000,Hưng Yên,https://img.lazcdn.com/g/p/4088d5ec3e9f7d10227ebacbfd214ddc.jpg_200x200q80.avif
https://www.lazada.vn/products/pdp-i3105121036.html,OPPO,f11,6GB,64GB,,,,12,50,650000,Hưng Yên,https://img.lazcdn.com/g/p/db408caf790633428162ea7edf23d46f.jpg_200x200q80.avif
https://www.lazada.vn/products/pdp-i3105117168.html,Redmi,note 14 pro,12GB,512GB,5110 mAh,,,12,50,1300000,Lào Cai,https://img.lazcdn.com/g/p/635872d7385961eccb0a933ab641f3ab.jpg_200x200q80.avif
https://www.lazada.vn/products/pdp-i3105112215.html,Redmi,note 14,,,,,2,12,50,1100000,Hà Nội,https://img.lazcdn.com/g/p/6916d972afb2767ad53265669d861ddc.jpg_200x200q80.avif
https://www.lazada.vn/products/pdp-i3105111170.html,OPPO,a57,,,,,,12,50,730000,Hà Nội,https://img.lazcdn.com/g/p/857100c619ff722fa2778d31fb3f04a4.jpg_200x200q80.avif
https://www.lazada.vn/products/pdp-i3105111140.html,OPPO,ffind n3,16GB,512GB,,,,0,50,1500000,Hà Nội,https://img.lazcdn.com/g/p/7cb3bb78e90e2bc2ed62db73b015699e.jpg_200x200q80.avif
https://www.lazada.vn/products/pdp-i3105110229.html,Redmi,note 14 pro,12GB,512GB,5110 mAh,,,12,50,1400000,Hà Nội,https://img.lazcdn.com/g/p/ab344f79b1c1a2f2eec197483ef796a0.jpg_200x200q80.avif
https://www.lazada.vn/products/pdp-i3105098175.html,OPPO,a3 pro,,,,5G,,12,50,800000,Hưng Yên,https://img.lazcdn.com/g/p/ab259cb234a37d277b4461c5afd3b1e3.jpg_200x200q80.avif
https://www.lazada.vn/products/pdp-i3105090206.html,OPPO,ren0 13 pro,,,,5G,,12,50,1500000,An Giang,https://img.lazcdn.com/g/p/9e45167268e9767cf8e3ad3179ce3ebe.jpg_200x200q80.avif
https://www.lazada.vn/products/pdp-i3105089220.html,OPPO,ren0 10pro,12GB,256GB,,5G,,12,50,1100000,An Giang,https://img.lazcdn.com/g/p/8acf046fca9c180c128ddfd1239db733.jpg_200x200q80.avif
https://www.lazada.vn/products/pdp-i3105081335.html,Redmi,note 14,,,,,2,12,50,1100000,Lào Cai,https://img.lazcdn.com/g/p/6916d972afb2767ad53265669d861ddc.jpg_200x200q80.avif
https://www.lazada.vn/products/pdp-i3105080362.html,OPPO,ren0 10pro,12GB,256GB,,5G,,12,50,1100000,Hà Nội,https://img.lazcdn.com/g/p/8acf046fca9c180c128ddfd1239db733.jpg_200x200q80.avif
https://www.lazada.vn/products/pdp-i3105079327.html,OPPO,a3 pro,,,,5G,,12,50,800000,Thừa Thiên Huế,https://img.lazcdn.com/g/p/ab259cb234a37d277b4461c5afd3b1e3.jpg_200x200q80.avif
https://www.lazada.vn/products/pdp-i3105078127.html,HONOR,x9c,12GB,256GB,,5G,,18,47,3599000,Hà Nội,https://img.lazcdn.com/g/p/d127c5d7d020c80fd8d6b59f06c05fb2.jpg_200x200q80.avif
https://www.lazada.vn/products/pdp-i3105076266.html,POCO,x7pro,12GB,256GB,6000 mAh,,,12,50,1000000,An Giang,https://img.lazcdn.com/g/p/4088d5ec3e9f7d10227ebacbfd214ddc.jpg_200x200q80.avif
https://www.lazada.vn/products/pdp-i3105071365.html,OPPO,ren0 10pro,12GB,256GB,,5G,,12,50,1100000,Hưng Yên,https://img.lazcdn.com/g/p/8acf046fca9c180c128ddfd1239db733.jpg_200x200q80.avif
https://www.lazada.vn/products/pdp-i3105069358.html,OPPO,a3 pro,,,,5G,,12,50,800000,Hà Nội,https://img.lazcdn.com/g/p/ab259cb234a37d277b4461c5afd3b1e3.jpg_200x200q80.avif
https://www.lazada.vn/products/pdp-i3105067437.html,OPPO,a57,,,,,,12,50,730000,Hà Nội,https://img.lazcdn.com/g/p/857100c619ff722fa2778d31fb3f04a4.jpg_200x200q80.avif
https://www.lazada.vn/products/pdp-i3105064334.html,OPPO,a53,,,,,,12,50,650000,Hà Nội,https://img.lazcdn.com/g/p/ea96c7eb07112f2faf8282e6d3bdac3d.jpg_200x200q80.avif
https://www.lazada.vn/products/pdp-i3105063442.html,OPPO,a57,,,,,,12,50,730000,Hà Nội,https://img.lazcdn.com/g/p/857100c619ff722fa2778d31fb3f04a4.jpg_200x200q80.avif
https://www.lazada.vn/products/pdp-i3105058442.html,Redmi,note 14 pro,12GB,512GB,5110 mAh,,,12,50,1300000,Hà Nội,https://img.lazcdn.com/g/p/635872d7385961eccb0a933ab641f3ab.jpg_200x200q80.avif
https://www.lazada.vn/products/pdp-i3105057440.html,OPPO,ffind n5,16GB,512GB,,,,0,50,1600000,Lào Cai,https://img.lazcdn.com/g/p/448150a59731e5622f60b1f9e572afb6.jpg_200x200q80.avif
https://www.lazada.vn/products/pdp-i3105056443.html,OPPO,ffind n5,16GB,512GB,,,,0,50,1600000,Hà Nội,https://img.lazcdn.com/g/p/448150a59731e5622f60b1f9e572afb6.jpg_200x200q80.avif
https://www.lazada.vn/products/pdp-i3105054402.html,OPPO,f11,6GB,64GB,,,,12,50,650000,An Giang,https://img.lazcdn.com/g/p/db408caf790633428162ea7edf23d46f.jpg_200x200q80.avif
https://www.lazada.vn/products/pdp-i3105053453.html,Redmi,note 14 pro,12GB,512GB,5110 mAh,,,12,50,1300000,Hà Nội,https://img.lazcdn.com/g/p/635872d7385961eccb0a933ab641f3ab.jpg_200x200q80.avif
https://www.lazada.vn/products/pdp-i3105053452.html,OPPO,a3 pro,,,,5G,,12,50,800000,Hà Nội,https://img.lazcdn.com/g/p/ab259cb234a37d277b4461c5afd3b1e3.jpg_200x200q80.avif
https://www.lazada.vn/products/pdp-i3105052360.html,OPPO,ren0 13 pro,,,,5G,,12,50,1500000,Hưng Yên,https://img.lazcdn.com/g/p/9e45167268e9767cf8e3ad3179ce3ebe.jpg_200x200q80.avif
https://www.lazada.vn/products/pdp-i3105124047.html,Xiaomi,15 c,,,,,,0,50,1300000,Hà Nội,https://img.lazcdn.com/g/p/f022ab76aa346c6622db7d4b51b9fe23.jpg_200x200q80.avif
https://www.lazada.vn/products/pdp-i3105120092.html,OPPO,f11,6GB,64GB,,,,12,50,650000,Lào Cai,https://img.lazcdn.com/g/p/db408caf790633428162ea7edf23d46f.jpg_200x200q80.avif
https://www.lazada.vn/products/pdp-i3105091274.html,OPPO,ffind n3,16GB,512GB,,,,0,50,1500000,Hà Nội,https://img.lazcdn.com/g/p/7cb3bb78e90e2bc2ed62db73b015699e.jpg_200x200q80.avif
https://www.lazada.vn/products/pdp-i3105091212.html,OPPO,a79,8GB,256GB,,5G,,12,50,850000,Hưng Yên,https://img.lazcdn.com/g/p/4302c50ed2deffb143c0de065c38fc34.jpg_200x200q80.avif
https://www.lazada.vn/products/pdp-i3105049844.html,Samsung,galaxy a13 m,,,,,2,0,0,2500000,Bạc Liêu,https://img.lazcdn.com/g/p/4dc9b3599833abe9406aae39c9dc1aa3.jpg_200x200q80.avif
https://www.lazada.vn/products/pdp-i3105049530.html,OPPO,a93,8GB,128GB,,5G,,12,50,750000,Lào Cai,https://img.lazcdn.com/g/p/ff9684b8acfbb55477c1e65c3b3c1771.jpg_200x200q80.avif
https://www.lazada.vn/products/pdp-i3105042478.html,OPPO,ren0 10pro,12GB,256GB,,5G,,12,50,1100000,Thừa Thiên Huế,https://img.lazcdn.com/g/p/8acf046fca9c180c128ddfd1239db733.jpg_200x200q80.avif
https://www.lazada.vn/products/pdp-i3105041538.html,OPPO,a3 pro,,,,5G,,12,50,800000,Lào Cai,https://img.lazcdn.com/g/p/ab259cb234a37d277b4461c5afd3b1e3.jpg_200x200q80.avif
https://www.lazada.vn/products/pdp-i3105040544.html,OPPO,a57,,,,,,12,50,730000,Hưng Yên,https://img.lazcdn.com/g/p/857100c619ff722fa2778d31fb3f04a4.jpg_200x200q80.avif
https://www.lazada.vn/products/pdp-i3105039419.html,Xiaomi,15 c,,,,,,0,50,1300000,An Giang,https://img.lazcdn.com/g/p/f022ab76aa346c6622db7d4b51b9fe23.jpg_200x200q80.avif
https://www.lazada.vn/products/pdp-i3105038535.html,OPPO,a53,,,,,,12,50,650000,Thừa Thiên Huế,https://img.lazcdn.com/g/p/ea96c7eb07112f2faf8282e6d3bdac3d.jpg_200x200q80.avif
https://www.lazada.vn/products/pdp-i3105034549.html,Redmi,note 14 pro,12GB,512GB,5110 mAh,,,12,50,1300000,Hưng Yên,https://img.lazcdn.com/g/p/635872d7385961eccb0a933ab641f3ab.jpg_200x200q80.avif
https://www.lazada.vn/products/pdp-i3105032567.html,OPPO,a3 pro,,,,5G,,12,50,800000,Hà Nội,https://img.lazcdn.com/g/p/ab259cb234a37d277b4461c5afd3b1e3.jpg_200x200q80.avif
https://www.lazada.vn/products/pdp-i3105030534.html,OPPO,ren0 13 pro,,,,5G,,12,50,1500000,Hà Nội,https://img.lazcdn.com/g/p/9e45167268e9767cf8e3ad3179ce3ebe.jpg_200x200q80.avif
https://www.lazada.vn/products/pdp-i3105030512.html,Xiaomi,15 c,,,,,,0,50,1300000,Hưng Yên,https://img.lazcdn.com/g/p/f022ab76aa346c6622db7d4b51b9fe23.jpg_200x200q80.avif
https://www.lazada.vn/products/pdp-i3105024588.html,OPPO,a92,8GB,128GB,,,,12,50,720000,An Giang,https://img.lazcdn.com/g/p/6511a36f6bd5b3f1a264643cd4166036.jpg_200x200q80.avif
https://www.lazada.vn/products/pdp-i3105023574.html,OPPO,f11,6GB,64GB,,,,12,50,650000,Thừa Thiên Huế,https://img.lazcdn.com/g/p/db408caf790633428162ea7edf23d46f.jpg_200x200q80.avif
https://www.lazada.vn/products/pdp-i3105022540.html,Redmi,note 14 pro,12GB,512GB,5110 mAh,,,12,50,1400000,An Giang,https://img.lazcdn.com/g/p/ab344f79b1c1a2f2eec197483ef796a0.jpg_200x200q80.avif
https://www.lazada.vn/products/pdp-i3105021609.html,OPPO,a5 pro,,,,5G,,12,50,900000,Hà Nội,https://img.lazcdn.com/g/p/1f4ae9329ce490a5623656a812fb1ae7.jpg_200x200q80.avif
https://www.lazada.vn/products/pdp-i3105021579.html,OPPO,a93,8GB,128GB,,5G,,12,50,750000,Hà Nội,https://img.lazcdn.com/g/p/ff9684b8acfbb55477c1e65c3b3c1771.jpg_200x200q80.avif
https://www.lazada.vn/products/pdp-i3105017674.html,Redmi,note 14,,,,,2,12,50,1100000,Hà Nội,https://img.lazcdn.com/g/p/6916d972afb2767ad53265669d861ddc.jpg_200x200q80.avif
https://www.lazada.vn/products/pdp-i3105016598.html,OPPO,a79,8GB,256GB,,5G,,12,50,850000,An Giang,https://img.lazcdn.com/g/p/4302c50ed2deffb143c0de065c38fc34.jpg_200x200q80.avif
https://www.lazada.vn/products/pdp-i3105015615.html,Redmi,note 14 pro,12GB,512GB,5110 mAh,,,12,50,1400000,Hà Nội,https://img.lazcdn.com/g/p/ab344f79b1c1a2f2eec197483ef796a0.jpg_200x200q80.avif
https://www.lazada.vn/products/pdp-i3105012601.html,OPPO,a92,8GB,128GB,,,,12,50,720000,Thừa Thiên Huế,https://img.lazcdn.com/g/p/6511a36f6bd5b3f1a264643cd4166036.jpg_200x200q80.avif
https://www.lazada.vn/products/pdp-i3105011655.html,OPPO,a3 pro,,,,5G,,12,50,800000,An Giang,https://img.lazcdn.com/g/p/ab259cb234a37d277b4461c5afd3b1e3.jpg_200x200q80.avif
https://www.lazada.vn/products/pdp-i3105008664.html,OPPO,ffind n3,16GB,512GB,,,,0,50,1500000,Thừa Thiên Huế,https://img.lazcdn.com/g/p/7cb3bb78e90e2bc2ed62db73b015699e.jpg_200x200q80.avif
https://www.lazada.vn/products/pdp-i3105001713.html,OPPO,a93,8GB,128GB,,5G,,12,50,750000,Thừa Thiên Huế,https://img.lazcdn.com/g/p/ff9684b8acfbb55477c1e65c3b3c1771.jpg_200x200q80.avif
https://www.lazada.vn/products/pdp-i3104999782.html,OPPO,a5 pro,,,,5G,,12,50,900000,Lào Cai,https://img.lazcdn.com/g/p/1f4ae9329ce490a5623656a812fb1ae7.jpg_200x200q80.avif
https://www.lazada.vn/products/pdp-i3104998736.html,Xiaomi,15 c,,,,,,0,50,1300000,Hà Nội,https://img.lazcdn.com/g/p/f022ab76aa346c6622db7d4b51b9fe23.jpg_200x200q80.avif
https://www.lazada.vn/products/pdp-i3104998719.html,OPPO,ren0 10pro,12GB,256GB,,5G,,12,50,1200000,An Giang,https://img.lazcdn.com/g/p/c9800d75f3242b31d013cfdeacfbfec6.jpg_200x200q80.avif
https://www.lazada.vn/products/pdp-i3104996775.html,OPPO,a93s,8GB,256GB,,5G,,12,50,700000,Hà Nội,https://img.lazcdn.com/g/p/3300a8b7b35760c8ade39755f30469db.jpg_200x200q80.avif
https://www.lazada.vn/products/pdp-i3104996741.html,OPPO,a93s,8GB,256GB,,5G,,12,50,700000,Hà Nội,https://img.lazcdn.com/g/p/3300a8b7b35760c8ade39755f30469db.jpg_200x200q80.avif
https://www.lazada.vn/products/pdp-i3104995786.html,OPPO,a93s,8GB,256GB,,5G,,12,50,700000,Lào Cai,https://img.lazcdn.com/g/p/3300a8b7b35760c8ade39755f30469db.jpg_200x200q80.avif
https://www.lazada.vn/products/pdp-i3104992727.html,OPPO,a53,,,,,,12,50,650000,Lào Cai,https://img.lazcdn.com/g/p/ea96c7eb07112f2faf8282e6d3bdac3d.jpg_200x200q80.avif
https://www.lazada.vn/products/pdp-i3104991744.html,POCO,x7pro,12GB,256GB,6000 mAh,,,12,50,1000000,Hà Nội,https://img.lazcdn.com/g/p/4088d5ec3e9f7d10227ebacbfd214ddc.jpg_200x200q80.avif
https://www.lazada.vn/products/pdp-i3104990782.html,OPPO,a53,,,,,,12,50,650000,Hà Nội,https://img.lazcdn.com/g/p/ea96c7eb07112f2faf8282e6d3bdac3d.jpg_200x200q80.avif
https://www.lazada.vn/products/pdp-i3104987769.html,OPPO,a93s,8GB,256GB,,5G,,12,50,700000,Thừa Thiên Huế,https://img.lazcdn.com/g/p/3300a8b7b35760c8ade39755f30469db.jpg_200x200q80.avif
https://www.lazada.vn/products/pdp-i3104980706.html,POCO,x7pro,12GB,256GB,6000 mAh,,,12,50,1000000,Thừa Thiên Huế,https://img.lazcdn.com/g/p/4088d5ec3e9f7d10227ebacbfd214ddc.jpg_200x200q80.avif
https://www.lazada.vn/products/pdp-i3104978849.html,OPPO,a79,8GB,256GB,,5G,,12,50,850000,Thừa Thiên Huế,https://img.lazcdn.com/g/p/4302c50ed2deffb143c0de065c38fc34.jpg_200x200q80.avif
https://www.lazada.vn/products/pdp-i3104977814.html,Redmi,note 14 pro,12GB,512GB,5110 mAh,,,12,50,1400000,Lào Cai,https://img.lazcdn.com/g/p/ab344f79b1c1a2f2eec197483ef796a0.jpg_200x200q80.avif
https://www.lazada.vn/products/pdp-i3104976852.html,Redmi,note 14,,,,,2,12,50,1100000,Hưng Yên,https://img.lazcdn.com/g/p/6916d972afb2767ad53265669d861ddc.jpg_200x200q80.avif
https://www.lazada.vn/products/pdp-i3104974890.html,OPPO,ren0 13 pro,,,,5G,,12,50,1500000,Thừa Thiên Huế,https://img.lazcdn.com/g/p/9e45167268e9767cf8e3ad3179ce3ebe.jpg_200x200q80.avif
https://www.lazada.vn/products/pdp-i3104972812.html,OPPO,a93s,8GB,256GB,,5G,,12,50,700000,An Giang,https://img.lazcdn.com/g/p/3300a8b7b35760c8ade39755f30469db.jpg_200x200q80.avif
https://www.lazada.vn/products/pdp-i3104969889.html,OPPO,a92,8GB,128GB,,,,12,50,720000,Hà Nội,https://img.lazcdn.com/g/p/6511a36f6bd5b3f1a264643cd4166036.jpg_200x200q80.avif
https://www.lazada.vn/products/pdp-i3104969868.html,OPPO,a5 pro,,,,5G,,12,50,900000,Thừa Thiên Huế,https://img.lazcdn.com/g/p/1f4ae9329ce490a5623656a812fb1ae7.jpg_200x200q80.avif
https://www.lazada.vn/products/pdp-i3104968827.html,OPPO,ren0 10pro,12GB,256GB,,5G,,12,50,1200000,Thừa Thiên Huế,https://img.lazcdn.com/g/p/c9800d75f3242b31d013cfdeacfbfec6.jpg_200x200q80.avif
https://www.lazada.vn/products/pdp-i3104966863.html,OPPO,a92,8GB,128GB,,,,12,50,720000,Hà Nội,https://img.lazcdn.com/g/p/6511a36f6bd5b3f1a264643cd4166036.jpg_200x200q80.avif
https://www.lazada.vn/products/pdp-i3104964904.html,OPPO,a93,8GB,128GB,,5G,,12,50,750000,Hà Nội,https://img.lazcdn.com/g/p/ff9684b8acfbb55477c1e65c3b3c1771.jpg_200x200q80.avif
https://www.lazada.vn/products/pdp-i3104963859.html,OPPO,a53,,,,,,12,50,650000,An Giang,https://img.lazcdn.com/g/p/ea96c7eb07112f2faf8282e6d3bdac3d.jpg_200x200q80.avif
https://www.lazada.vn/products/pdp-i3104961888.html,POCO,x7pro,12GB,256GB,6000 mAh,,,12,50,1000000,Lào Cai,https://img.lazcdn.com/g/p/4088d5ec3e9f7d10227ebacbfd214ddc.jpg_200x200q80.avif
https://www.lazada.vn/products/pdp-i3104960944.html,Xiaomi,15 c,,,,,,0,50,1300000,Hà Nội,https://img.lazcdn.com/g/p/f022ab76aa346c6622db7d4b51b9fe23.jpg_200x200q80.avif
https://www.lazada.vn/products/pdp-i3104960920.html,Redmi,note 14,,,,,2,12,50,1100000,Hà Nội,https://img.lazcdn.com/g/p/6916d972afb2767ad53265669d861ddc.jpg_200x200q80.avif
https://www.lazada.vn/products/pdp-i3104949855.html,OPPO,ffind n5,16GB,512GB,,,,0,50,1600000,An Giang,https://img.lazcdn.com/g/p/448150a59731e5622f60b1f9e572afb6.jpg_200x200q80.avif
https://www.lazada.vn/products/pdp-i3104948899.html,OPPO,ren0 10pro,12GB,256GB,,5G,,12,50,1200000,Hà Nội,https://img.lazcdn.com/g/p/c9800d75f3242b31d013cfdeacfbfec6.jpg_200x200q80.avif
https://www.lazada.vn/products/pdp-i3104948872.html,OPPO,ren0 10pro,12GB,256GB,,5G,,12,50,1200000,Hà Nội,https://img.lazcdn.com/g/p/c9800d75f3242b31d013cfdeacfbfec6.jpg_200x200q80.avif
https://www.lazada.vn/products/pdp-i3104947882.html,OPPO,a79,8GB,256GB,,5G,,12,50,850000,Hà Nội,https://img.lazcdn.com/g/p/4302c50ed2deffb143c0de065c38fc34.jpg_200x200q80.avif
https://www.lazada.vn/products/pdp-i3104943620.html,ZTE,nubia z50 ultra,,,,,,6,42,5199000,Hà Nội,https://img.lazcdn.com/g/p/d3b965dca13937f6a15edce8d313047a.jpg_200x200q80.avif
https://www.lazada.vn/products/pdp-i3104941968.html,Redmi,note 14 pro,12GB,512GB,5110 mAh,,,12,50,1400000,Hưng Yên,https://img.lazcdn.com/g/p/ab344f79b1c1a2f2eec197483ef796a0.jpg_200x200q80.avif
https://www.lazada.vn/products/pdp-i3104935757.html,OPPO,f11,6GB,64GB,,,,12,50,650000,Hà Nội,https://img.lazcdn.com/g/p/db408caf790633428162ea7edf23d46f.jpg_200x200q80.avif
https://www.lazada.vn/products/pdp-i3104935736.html,OPPO,ffind n3,16GB,512GB,,,,0,50,1500000,An Giang,https://img.lazcdn.com/g/p/7cb3bb78e90e2bc2ed62db73b015699e.jpg_200x200q80.avif
https://www.lazada.vn/products/pdp-i3104933759.html,OPPO,a5 pro,,,,5G,,12,50,900000,Hà Nội,https://img.lazcdn.com/g/p/1f4ae9329ce490a5623656a812fb1ae7.jpg_200x200q80.avif
https://www.lazada.vn/products/pdp-i3104932764.html,OPPO,ffind n5,16GB,512GB,,,,0,50,1600000,Hà Nội,https://img.lazcdn.com/g/p/448150a59731e5622f60b1f9e572afb6.jpg_200x200q80.avif
https://www.lazada.vn/products/pdp-i3104931714.html,OPPO,ffind n5,16GB,512GB,,,,0,50,1600000,Hưng Yên,https://img.lazcdn.com/g/p/448150a59731e5622f60b1f9e572afb6.jpg_200x200q80.avif
https://www.lazada.vn/products/pdp-i3104931712.html,OPPO,a57,,,,,,12,50,730000,An Giang,https://img.lazcdn.com/g/p/857100c619ff722fa2778d31fb3f04a4.jpg_200x200q80.avif
https://www.lazada.vn/products/pdp-i3104928776.html,OPPO,a93,8GB,128GB,,5G,,12,50,750000,Hưng Yên,https://img.lazcdn.com/g/p/ff9684b8acfbb55477c1e65c3b3c1771.jpg_200x200q80.avif
https://www.lazada.vn/products/pdp-i3104919813.html,OPPO,f11,6GB,64GB,,,,12,50,650000,Hà Nội,https://img.lazcdn.com/g/p/db408caf790633428162ea7edf23d46f.jpg_200x200q80.avif
https://www.lazada.vn/products/pdp-i3104907866.html,OPPO,ren0 10pro,12GB,256GB,,5G,,12,50,1200000,Hưng Yên,https://img.lazcdn.com/g/p/c9800d75f3242b31d013cfdeacfbfec6.jpg_200x200q80.avif
https://www.lazada.vn/products/pdp-i3104905841.html,OPPO,a79,8GB,256GB,,5G,,12,50,850000,Hà Nội,https://img.lazcdn.com/g/p/4302c50ed2deffb143c0de065c38fc34.jpg_200x200q80.avif
https://www.lazada.vn/products/pdp-i3104902895.html,OPPO,ren0 13 pro,,,,5G,,12,50,1500000,Hà Nội,https://img.lazcdn.com/g/p/9e45167268e9767cf8e3ad3179ce3ebe.jpg_200x200q80.avif
https://www.lazada.vn/products/pdp-i3104902875.html,OPPO,a57,,,,,,12,50,730000,Thừa Thiên Huế,https://img.lazcdn.com/g/p/857100c619ff722fa2778d31fb3f04a4.jpg_200x200q80.avif
https://www.lazada.vn/products/pdp-i3104901891.html,OPPO,ren0 10pro,12GB,256GB,,5G,,12,50,1100000,Hà Nội,https://img.lazcdn.com/g/p/8acf046fca9c180c128ddfd1239db733.jpg_200x200q80.avif
https://www.lazada.vn/products/pdp-i3104901871.html,OPPO,a92,8GB,128GB,,,,12,50,720000,Hưng Yên,https://img.lazcdn.com/g/p/6511a36f6bd5b3f1a264643cd4166036.jpg_200x200q80.avif
https://www.lazada.vn/products/pdp-i3104900896.html,OPPO,ffind n3,16GB,512GB,,,,0,50,1500000,Lào Cai,https://img.lazcdn.com/g/p/7cb3bb78e90e2bc2ed62db73b015699e.jpg_200x200q80.avif
https://www.lazada.vn/products/pdp-i3104899907.html,OPPO,ren0 10pro,12GB,256GB,,5G,,12,50,1200000,Lào Cai,https://img.lazcdn.com/g/p/c9800d75f3242b31d013cfdeacfbfec6.jpg_200x200q80.avif
https://www.lazada.vn/products/pdp-i3104897870.html,OPPO,ffind n3,16GB,512GB,,,,0,50,1500000,Hà Nội,https://img.lazcdn.com/g/p/7cb3bb78e90e2bc2ed62db73b015699e.jpg_200x200q80.avif
https://www.lazada.vn/products/pdp-i3104897846.html,OPPO,a93,8GB,128GB,,5G,,12,50,750000,An Giang,https://img.lazcdn.com/g/p/ff9684b8acfbb55477c1e65c3b3c1771.jpg_200x200q80.avif
https://www.lazada.vn/products/pdp-i3104896930.html,OPPO,ren0 10pro,12GB,256GB,,5G,,12,50,1100000,Hà Nội,https://img.lazcdn.com/g/p/8acf046fca9c180c128ddfd1239db733.jpg_200x200q80.avif
https://www.lazada.vn/products/pdp-i3104894923.html,OPPO,a93s,8GB,256GB,,5G,,12,50,700000,Hà Nội,https://img.lazcdn.com/g/p/3300a8b7b35760c8ade39755f30469db.jpg_200x200q80.avif
https://www.lazada.vn/products/pdp-i3104894904.html,OPPO,a93s,8GB,256GB,,5G,,12,50,700000,Hưng Yên,https://img.lazcdn.com/g/p/3300a8b7b35760c8ade39755f30469db.jpg_200x200q80.avif
https://www.lazada.vn/products/pdp-i3104893885.html,OPPO,a53,,,,,,12,50,650000,Hà Nội,https://img.lazcdn.com/g/p/ea96c7eb07112f2faf8282e6d3bdac3d.jpg_200x200q80.avif
https://www.lazada.vn/products/pdp-i3104890889.html,POCO,x7pro,12GB,256GB,6000 mAh,,,12,50,1000000,Hà Nội,https://img.lazcdn.com/g/p/4088d5ec3e9f7d10227ebacbfd214ddc.jpg_200x200q80.avif
https://www.lazada.vn/products/pdp-i3104890870.html,Redmi,note 14,,,,,2,12,50,1100000,Thừa Thiên Huế,https://img.lazcdn.com/g/p/6916d972afb2767ad53265669d861ddc.jpg_200x200q80.avif
https://www.lazada.vn/products/pdp-i3104889935.html,OPPO,a92,8GB,128GB,,,,12,50,720000,Lào Cai,https://img.lazcdn.com/g/p/6511a36f6bd5b3f1a264643cd4166036.jpg_200x200q80.avif
https://www.lazada.vn/products/pdp-i3104888925.html,OPPO,a53,,,,,,12,50,650000,Hưng Yên,https://img.lazcdn.com/g/p/ea96c7eb07112f2faf8282e6d3bdac3d.jpg_200x200q80.avif
https://www.lazada.vn/products/pdp-i3104886928.html,Xiaomi,15 c,,,,,,0,50,1300000,Lào Cai,https://img.lazcdn.com/g/p/f022ab76aa346c6622db7d4b51b9fe23.jpg_200x200q80.avif
https://www.lazada.vn/products/pdp-i3104886926.html,POCO,x7pro,12GB,256GB,6000 mAh,,,12,50,1000000,Hà Nội,https://img.lazcdn.com/g/p/4088d5ec3e9f7d10227ebacbfd214ddc.jpg_200x200q80.avif
https://www.lazada.vn/products/pdp-i3104884911.html,OPPO,ren0 13 pro,,,,5G,,12,50,1500000,Hà Nội,https://img.lazcdn.com/g/p/9e45167268e9767cf8e3ad3179ce3ebe.jpg_200x200q80.avif
https://www.lazada.vn/products/pdp-i3104884874.html,Redmi,note 14 pro,12GB,512GB,5110 mAh,,,12,50,1300000,An Giang,https://img.lazcdn.com/g/p/635872d7385961eccb0a933ab641f3ab.jpg_200x200q80.avif
https://www.lazada.vn/products/pdp-i3104883880.html,Redmi,note 14 pro,12GB,512GB,5110 mAh,,,12,50,1400000,Thừa Thiên Huế,https://img.lazcdn.com/g/p/ab344f79b1c1a2f2eec197483ef796a0.jpg_200x200q80.avif
https://www.lazada.vn/products/pdp-i3104882957.html,OPPO,a79,8GB,256GB,,5G,,12,50,850000,Hà Nội,https://img.lazcdn.com/g/p/4302c50ed2deffb143c0de065c38fc34.jpg_200x200q80.avif
https://www.lazada.vn/products/pdp-i3104879895.html,OPPO,a79,8GB,256GB,,5G,,12,50,850000,Lào Cai,https://img.lazcdn.com/g/p/4302c50ed2deffb143c0de065c38fc34.jpg_200x200q80.avif
https://www.lazada.vn/products/pdp-i3104877259.html,ZTE,nubia red magic,12GB,512GB,,5G,,0,34,5190000,Hà Nội,https://img.lazcdn.com/g/p/95ce5433bb402b2a11b7461520dd2f00.png_200x200q80.avif
https://www.lazada.vn/products/pdp-i3104875954.html,OPPO,a93,8GB,128GB,,5G,,12,50,750000,Hà Nội,https://img.lazcdn.com/g/p/ff9684b8acfbb55477c1e65c3b3c1771.jpg_200x200q80.avif
https://www.lazada.vn/products/pdp-i3104867874.html,Redmi,note 14,,,,,2,12,50,1100000,An Giang,https://img.lazcdn.com/g/p/6916d972afb2767ad53265669d861ddc.jpg_200x200q80.avif
https://www.lazada.vn/products/pdp-i3104866989.html,OPPO,ren0 13 pro,,,,5G,,12,50,1500000,Lào Cai,https://img.lazcdn.com/g/p/9e45167268e9767cf8e3ad3179ce3ebe.jpg_200x200q80.avif
https://www.lazada.vn/products/pdp-i3104857939.html,OPPO,f11,6GB,64GB,,,,12,50,650000,Hà Nội,https://img.lazcdn.com/g/p/db408caf790633428162ea7edf23d46f.jpg_200x200q80.avif
https://www.lazada.vn/products/pdp-i3104857938.html,OPPO,ren0 10pro,12GB,256GB,,5G,,12,50,1100000,Lào Cai,https://img.lazcdn.com/g/p/8acf046fca9c180c128ddfd1239db733.jpg_200x200q80.avif
https://www.lazada.vn/products/pdp-i3104853926.html,Xiaomi,15 c,,,,,,0,50,1300000,Thừa Thiên Huế,https://img.lazcdn.com/g/p/f022ab76aa346c6622db7d4b51b9fe23.jpg_200x200q80.avif
https://www.lazada.vn/products/pdp-i3104851990.html,OPPO,a5 pro,,,,5G,,12,50,900000,An Giang,https://img.lazcdn.com/g/p/1f4ae9329ce490a5623656a812fb1ae7.jpg_200x200q80.avif
https://www.lazada.vn/products/pdp-i3104849898.html,OPPO,a92,8GB,128GB,,,,12,50,720000,Hà Nội,https://img.lazcdn.com/g/p/6511a36f6bd5b3f1a264643cd4166036.jpg_200x200q80.avif
https://www.lazada.vn/products/pdp-i3104848366.html,Vivo,x200 pro mini,16GB,512GB,,,,0,28,6490000,Hà Nội,https://img.lazcdn.com/g/p/4219a1e52009007f65a6634f958d30d1.png_200x200q80.avif
https://www.lazada.vn/products/pdp-i3104842452.html,Xiaomi,15 pro,16GB,256GB,,5G,,0,33,5990000,Hà Nội,https://img.lazcdn.com/g/p/623b17e3ca38cc6cd8611b7e7849d2fb.png_200x200q80.avif
https://www.lazada.vn/products/pdp-i3104811600.html,Xiaomi,14,12GB,512GB,,5G,,0,20,3990000,Hà Nội,https://img.lazcdn.com/g/p/e7b67f01246813916d4b54089549beca.png_200x200q80.avif
https://www.lazada.vn/products/pdp-i3104786856.html,Xiaomi,redmi k80 pro,12GB,512GB,,5G,,0,34,4590000,Hà Nội,https://img.lazcdn.com/g/p/81e3cbd2f07427b4d80f54bde9dc28f4.png_200x200q80.avif
https://www.lazada.vn/products/pdp-i3104742888.html,Vivo,x100s,16GB,256GB,,5G,,0,34,4590000,Hà Nội,https://img.lazcdn.com/g/p/2a6c994191008e688d383b26f3a0afc3.png_200x200q80.avif
https://www.lazada.vn/products/pdp-i3104725496.html,HONOR,x9c,12GB,256GB,,5G,,0,29,3590000,Hà Nội,https://img.lazcdn.com/g/p/e14ff71f89ea27605efe2c3534ee357a.png_200x200q80.avif
https://www.lazada.vn/products/pdp-i3104714998.html,Xiaomi,redmi note 14,8GB,128GB,,,,0,38,3090000,Hà Nội,https://img.lazcdn.com/g/p/9e4a37ee2f0bd1d7a8a62449aafa09f9.png_200x200q80.avif
https://www.lazada.vn/products/pdp-i3104710983.html,Xiaomi,redmi note 13,12GB,256GB,,5G,,0,37,3190000,Hà Nội,https://img.lazcdn.com/g/p/64d068fdabb75363ba9bef38a8810ac7.png_200x200q80.avif
https://www.lazada.vn/products/pdp-i3104710026.html,OPPO,ren012,12GB,256GB,,5G,,12,50,950000,Bình Thuận,https://img.lazcdn.com/g/p/e195cd5e7ad6ee078459cb64247576dc.jpg_200x200q80.avif
https://www.lazada.vn/products/pdp-i3104709014.html,OPPO,ren08pro,12GB,256GB,,5G,,12,50,900000,Bình Thuận,https://img.lazcdn.com/g/p/e78309226d73fec5f8c33fc0856f35be.jpg_200x200q80.avif
https://www.lazada.vn/products/pdp-i3104649478.html,Samsung,a55,,,,5G,,12,50,1100000,Bình Thuận,https://img.lazcdn.com/g/p/1d3dc590396f33e0b4fe9062d507d14f.jpg_200x200q80.avif
https://www.lazada.vn/products/pdp-i3104550994.html,Xiaomi,14 utra c,,,,,,0,50,1400000,Bình Thuận,https://img.lazcdn.com/g/p/46adb94ff5bb2bb07e7386372409f852.jpg_200x200q80.avif
https://www.lazada.vn/products/pdp-i3104404079.html,Samsung,a30 3,,,,,,0,0,910000,Kiên Giang,https://img.lazcdn.com/g/ff/kf/Sa4bf36978f16450093cd8aa05d97f570S.jpg_200x200q80.avif
https://www.lazada.vn/products/pdp-i3104382048.html,Xiaomi,redmi note 13,,,,5G,,18,43,3899000,Hà Nội,https://img.lazcdn.com/g/p/7db35c01e561f687c664327f25f7b546.jpg_200x200q80.avif
https://www.lazada.vn/products/pdp-i3104377002.html,Xiaomi,13t,12GB,256GB,,5G,,18,46,3599000,Hà Nội,https://img.lazcdn.com/g/p/0bfa0a0e83053500fbd976cc351aff7b.jpg_200x200q80.avif
https://www.lazada.vn/products/pdp-i3104362569.html,Xiaomi,13 utra c,,,,,,0,65,840000,Hồ Chí Minh,https://img.lazcdn.com/g/p/c21c4cd9d3ba12b0d9f624091b08961a.jpg_200x200q80.avif
https://www.lazada.vn/products/pdp-i3104340007.html,Redmi,note 13pr,8GB,128GB,5000 mAh,,,12,50,1200000,Tiền Giang,https://img.lazcdn.com/g/p/0ae58627d8a42f5390b5278cd0d5a660.jpg_200x200q80.avif
https://www.lazada.vn/products/pdp-i3104299187.html,Redmi,note 12,8GB,128GB,5000 mAh,,,12,50,800000,Tiền Giang,https://img.lazcdn.com/g/p/007c3af28afea99fb048a87be68d07c9.jpg_200x200q80.avif
https://www.lazada.vn/products/pdp-i3104296196.html,Samsung,z fold 5,,,,,,12,50,1600000,Hà Nội,https://img.lazcdn.com/g/p/6e1e3696a85a2b650580f645ba8f2fc7.jpg_200x200q80.avif
https://www.lazada.vn/products/pdp-i3104296194.html,Redmi,note 13pr,8GB,128GB,5000 mAh,,,12,50,1200000,Hà Nội,https://img.lazcdn.com/g/p/0ae58627d8a42f5390b5278cd0d5a660.jpg_200x200q80.avif
https://www.lazada.vn/products/pdp-i3104293016.html,Redmi,note 10pro,8GB,128GB,5020 mAh,,,12,50,800000,Sơn La,https://img.lazcdn.com/g/p/2e3db16dc75b277df74c57c0515a4e6a.jpg_200x200q80.avif
https://www.lazada.vn/products/pdp-i3104291124.html,OPPO,ren0 13,,,,5G,,12,50,1400000,Bắc Ninh,https://img.lazcdn.com/g/p/a819fad4b27b1ec18e35d18ddb8f56a5.jpg_200x200q80.avif
https://www.lazada.vn/products/pdp-i3104289240.html,Redmi,note 10pro,8GB,128GB,5020 mAh,,,12,50,800000,Hà Nội,https://img.lazcdn.com/g/p/2e3db16dc75b277df74c57c0515a4e6a.jpg_200x200q80.avif
https://www.lazada.vn/products/pdp-i3104288178.html,OPPO,ffind x8 pro,12GB,256GB,,,,0,50,1500000,Bắc Ninh,https://img.lazcdn.com/g/p/0bcdfbf785cea87ae8ed481d946d566c.jpg_200x200q80.avif
https://www.lazada.vn/products/pdp-i3104287036.html,Samsung,24ut m,,,,,2,12,50,1500000,Bắc Ninh,https://img.lazcdn.com/g/p/5d75944756c32a7fad2b4640e8135ecb.jpg_200x200q80.avif
https://www.lazada.vn/products/pdp-i3104286235.html,Xiaomi,13 utra c,,,,,,0,50,1200000,Bắc Ninh,https://img.lazcdn.com/g/p/9f7e6b4f58058bbdcdf56da994529595.jpg_200x200q80.avif
https://www.lazada.vn/products/pdp-i3104284360.html,Xiaomi,13 utra c,,,,,,0,50,1200000,Hà Nội,https://img.lazcdn.com/g/p/9f7e6b4f58058bbdcdf56da994529595.jpg_200x200q80.avif
https://www.lazada.vn/products/pdp-i3104280262.html,Samsung,a55,,,,5G,,12,50,1100000,Bắc Ninh,https://img.lazcdn.com/g/p/1d3dc590396f33e0b4fe9062d507d14f.jpg_200x200q80.avif
https://www.lazada.vn/products/pdp-i3104277465.html,Redmi,note 13pr,8GB,128GB,5000 mAh,,,12,50,1200000,Hà Nội,https://img.lazcdn.com/g/p/0ae58627d8a42f5390b5278cd0d5a660.jpg_200x200q80.avif
https://www.lazada.vn/products/pdp-i3104275325.html,Samsung,z fold 5,,,,,,12,50,1600000,Long An,https://img.lazcdn.com/g/p/6e1e3696a85a2b650580f645ba8f2fc7.jpg_200x200q80.avif
https://www.lazada.vn/products/pdp-i3104274359.html,Samsung,22ut m,,,,,2,12,50,1200000,Bắc Ninh,https://img.lazcdn.com/g/p/549fc3fa7ee835d11af459d03d8cbd37.jpg_200x200q80.avif
https://www.lazada.vn/products/pdp-i3104271001.html,Samsung,m51,,,,,2,0,50,700000,Nam Định,https://img.lazcdn.com/g/p/09690e5a3d594637b503730822509ecc.jpg_200x200q80.avif
https://www.lazada.vn/products/pdp-i3104267488.html,OPPO,ffind x8 pro,12GB,256GB,,,,0,50,1500000,Hà Nội,https://img.lazcdn.com/g/p/0bcdfbf785cea87ae8ed481d946d566c.jpg_200x200q80.avif
https://www.lazada.vn/products/pdp-i3104262577.html,Redmi,note 12,8GB,128GB,5000 mAh,,,12,50,800000,Hà Nội,https://img.lazcdn.com/g/p/007c3af28afea99fb048a87be68d07c9.jpg_200x200q80.avif
https://www.lazada.vn/products/pdp-i3104260400.html,OPPO,ren08pro,12GB,256GB,,5G,,12,50,900000,Long An,https://img.lazcdn.com/g/p/674c91cf325950e41cd7550b3f1864cd.jpg_200x200q80.avif
https://www.lazada.vn/products/pdp-i3104257547.html,Samsung,23ut m,,,,,2,12,50,1300000,Hà Nội,https://img.lazcdn.com/g/p/f28660b3cb1fadc4bc0251d0b6a92bf2.jpg_200x200q80.avif
https://www.lazada.vn/products/pdp-i3104256596.html,Redmi,note 11 pro,,,,,2,0,50,800000,Hà Nội,https://img.lazcdn.com/g/p/a4a317aaa363f909b0125c001e29efa0.jpg_200x200q80.avif
https://www.lazada.vn/products/pdp-i3104256264.html,Samsung,z fold 5,,,,,,12,50,1600000,Lào Cai,https://img.lazcdn.com/g/p/6e1e3696a85a2b650580f645ba8f2fc7.jpg_200x200q80.avif
https://www.lazada.vn/products/pdp-i3104254389.html,Redmi,note 12,8GB,128GB,5000 mAh,,,12,50,800000,Sơn La,https://img.lazcdn.com/g/p/007c3af28afea99fb048a87be68d07c9.jpg_200x200q80.avif
https://www.lazada.vn/products/pdp-i3104254289.html,Redmi,note 11 pro,,,,,2,0,50,800000,Lào Cai,https://img.lazcdn.com/g/p/a4a317aaa363f909b0125c001e29efa0.jpg_200x200q80.avif
https://www.lazada.vn/products/pdp-i3104241717.html,Redmi,note 11 pro,,,,,2,0,50,800000,Tiền Giang,https://img.lazcdn.com/g/p/a4a317aaa363f909b0125c001e29efa0.jpg_200x200q80.avif
https://www.lazada.vn/products/pdp-i3104237678.html,Xiaomi,15 utra c,,,,,,0,50,1600000,Hà Nội,https://img.lazcdn.com/g/p/e1b036f4d90d6246add04aa67b41a053.jpg_200x200q80.avif
https://www.lazada.vn/products/pdp-i3104233233.html,OPPO,ren08pro,12GB,256GB,,5G,,12,50,900000,Hà Nội,https://img.lazcdn.com/g/p/674c91cf325950e41cd7550b3f1864cd.jpg_200x200q80.avif
https://www.lazada.vn/products/pdp-i3104232686.html,OPPO,ren0 13,,,,5G,,12,50,1400000,Hà Nội,https://img.lazcdn.com/g/p/a819fad4b27b1ec18e35d18ddb8f56a5.jpg_200x200q80.avif
https://www.lazada.vn/products/pdp-i3104231181.html,OPPO,ren012,12GB,256GB,,5G,,12,50,950000,Bắc Ninh,https://img.lazcdn.com/g/p/88036aff56da54e1dafcb8a56ec0f5bd.jpg_200x200q80.avif
https://www.lazada.vn/products/pdp-i3104228606.html,Samsung,z fold 4,,,,,,12,50,1400000,Bắc Ninh,https://img.lazcdn.com/g/p/f5eb29d04b110755db15abe4a296be1f.jpg_200x200q80.avif
https://www.lazada.vn/products/pdp-i3104227733.html,Samsung,a32 m,,,,,2,0,50,800000,Hà Nội,https://img.lazcdn.com/g/p/724767a6ee1a8450f63d74b616647f8d.jpg_200x200q80.avif
https://www.lazada.vn/products/pdp-i3104220715.html,OPPO,ffind n3 flip,12GB,256GB,,,,0,50,1500000,Hà Nội,https://img.lazcdn.com/g/p/72387abcc588df9763079c9cc69ef2fc.jpg_200x200q80.avif
https://www.lazada.vn/products/pdp-i3104220526.html,Samsung,22ut m,,,,,2,12,50,1200000,Sơn La,https://img.lazcdn.com/g/p/549fc3fa7ee835d11af459d03d8cbd37.jpg_200x200q80.avif
https://www.lazada.vn/products/pdp-i3104215277.html,Samsung,z fold 4,,,,,,12,50,1400000,Nam Định,https://img.lazcdn.com/g/p/f5eb29d04b110755db15abe4a296be1f.jpg_200x200q80.avif
https://www.lazada.vn/products/pdp-i3104203642.html,Samsung,j5 ch,,,,,,0,0,559000,Kiên Giang,https://img.lazcdn.com/g/ff/kf/S29d9b710971a4cd4a4a8419758848a4bk.jpg_200x200q80.avif
https://www.lazada.vn/products/pdp-i3104200413.html,Samsung,a72,,,,5G,,12,50,820000,Tiền Giang,https://img.lazcdn.com/g/p/5902f9c37479817cea7fcb870f00bb93.jpg_200x200q80.avif
https://www.lazada.vn/products/pdp-i3104198455.html,Samsung,24ut m,,,,,2,12,50,1500000,Hà Nội,https://img.lazcdn.com/g/p/5d75944756c32a7fad2b4640e8135ecb.jpg_200x200q80.avif
https://www.lazada.vn/products/pdp-i3104194867.html,OPPO,ren012,12GB,256GB,,5G,,12,50,950000,Hà Nội,https://img.lazcdn.com/g/p/88036aff56da54e1dafcb8a56ec0f5bd.jpg_200x200q80.avif
https://www.lazada.vn/products/pdp-i3104190745.html,Redmi,note 10pro,8GB,128GB,5020 mAh,,,12,50,800000,Long An,https://img.lazcdn.com/g/p/2e3db16dc75b277df74c57c0515a4e6a.jpg_200x200q80.avif
https://www.lazada.vn/products/pdp-i3104188849.html,Samsung,m51,,,,,2,0,50,700000,Hà Nội,https://img.lazcdn.com/g/p/09690e5a3d594637b503730822509ecc.jpg_200x200q80.avif
https://www.lazada.vn/products/pdp-i3104187482.html,Samsung,22ut m,,,,,2,12,50,1200000,Hà Nội,https://img.lazcdn.com/g/p/549fc3fa7ee835d11af459d03d8cbd37.jpg_200x200q80.avif
https://www.lazada.vn/products/pdp-i3104187431.html,OPPO,ren08pro,12GB,256GB,,5G,,12,50,900000,Lào Cai,https://img.lazcdn.com/g/p/674c91cf325950e41cd7550b3f1864cd.jpg_200x200q80.avif
https://www.lazada.vn/products/pdp-i3104185483.html,Samsung,a72,,,,5G,,12,50,820000,Hà Nội,https://img.lazcdn.com/g/p/5902f9c37479817cea7fcb870f00bb93.jpg_200x200q80.avif
https://www.lazada.vn/products/pdp-i3104170474.html,Unknown,,,,10600mAh,,,0,65,916300,Nam Định,https://img.lazcdn.com/g/p/9fa8e3c283eaa99c8132adccfe44f863.jpg_200x200q80.avif
https://www.lazada.vn/products/pdp-i3104760863.html,Vivo,iqoo z9 turbo,16GB,256GB,,,,0,32,4090000,Hà Nội,https://img.lazcdn.com/g/p/bd9583fd002fe791a42abc3efa4a8707.png_200x200q80.avif
https://www.lazada.vn/products/pdp-i3104164559.html,Redmi,note 12,8GB,128GB,5000 mAh,,,12,50,800000,Long An,https://img.lazcdn.com/g/p/007c3af28afea99fb048a87be68d07c9.jpg_200x200q80.avif
https://www.lazada.vn/products/pdp-i3104160921.html,Samsung,z fold 4,,,,,,12,50,1400000,Hà Nội,https://img.lazcdn.com/g/p/f5eb29d04b110755db15abe4a296be1f.jpg_200x200q80.avif
https://www.lazada.vn/products/pdp-i3104155851.html,Xiaomi,15 utra c,,,,,,0,50,1600000,Long An,https://img.lazcdn.com/g/p/e1b036f4d90d6246add04aa67b41a053.jpg_200x200q80.avif
https://www.lazada.vn/products/pdp-i3104154745.html,Redmi,note 11 pro,,,,,2,0,50,800000,Sơn La,https://img.lazcdn.com/g/p/a4a317aaa363f909b0125c001e29efa0.jpg_200x200q80.avif
https://www.lazada.vn/products/pdp-i3104154741.html,Samsung,a55,,,,5G,,12,50,1100000,Sơn La,https://img.lazcdn.com/g/p/1d3dc590396f33e0b4fe9062d507d14f.jpg_200x200q80.avif
https://www.lazada.vn/products/pdp-i3104152490.html,OPPO,ren0 13,,,,5G,,12,65,980000,Nam Định,https://img.lazcdn.com/g/p/a819fad4b27b1ec18e35d18ddb8f56a5.jpg_200x200q80.avif
https://www.lazada.vn/products/pdp-i3104151963.html,Samsung,22ut m,,,,,2,12,50,1200000,Hà Nội,https://img.lazcdn.com/g/p/549fc3fa7ee835d11af459d03d8cbd37.jpg_200x200q80.avif
https://www.lazada.vn/products/pdp-i3104151478.html,Unknown,,,,,,,0,50,1109000,Nam Định,https://img.lazcdn.com/g/p/14502e16da2f013d6b77bf07b5f08305.jpg_200x200q80.avif
https://www.lazada.vn/products/pdp-i3104146557.html,Xiaomi,14 utra c,,,,,,0,50,1400000,Long An,https://img.lazcdn.com/g/p/46adb94ff5bb2bb07e7386372409f852.jpg_200x200q80.avif
https://www.lazada.vn/products/pdp-i3104135504.html,Unknown,,,,23800 mAh,,,0,65,986300,Nam Định,https://img.lazcdn.com/g/p/28bcd5b0fedd6364f660f0ca0281250c.jpg_200x200q80.avif
https://www.lazada.vn/products/pdp-i3104129951.html,Samsung,a55,,,,5G,,12,50,1100000,Hà Nội,https://img.lazcdn.com/g/p/1d3dc590396f33e0b4fe9062d507d14f.jpg_200x200q80.avif
https://www.lazada.vn/products/pdp-i3104128501.html,Samsung,z fold 5,,,,,,12,65,1120000,Nam Định,https://img.lazcdn.com/g/p/6e1e3696a85a2b650580f645ba8f2fc7.jpg_200x200q80.avif
https://www.lazada.vn/products/pdp-i3104119859.html,Samsung,m51,,,,,2,0,50,700000,Bắc Ninh,https://img.lazcdn.com/g/p/09690e5a3d594637b503730822509ecc.jpg_200x200q80.avif
https://www.lazada.vn/products/pdp-i3104117880.html,Redmi,note 11 pro,,,,,2,0,50,800000,Bắc Ninh,https://img.lazcdn.com/g/p/a4a317aaa363f909b0125c001e29efa0.jpg_200x200q80.avif
https://www.lazada.vn/products/pdp-i3104117878.html,OPPO,ffind n3 flip,12GB,256GB,,,,0,50,1500000,Bắc Ninh,https://img.lazcdn.com/g/p/72387abcc588df9763079c9cc69ef2fc.jpg_200x200q80.avif
https://www.lazada.vn/products/pdp-i3104117788.html,Samsung,a32 m,,,,,2,0,50,800000,Sơn La,https://img.lazcdn.com/g/p/724767a6ee1a8450f63d74b616647f8d.jpg_200x200q80.avif
https://www.lazada.vn/products/pdp-i3104113480.html,Xiaomi,13 utra c,,,,,,0,50,1200000,Nam Định,https://img.lazcdn.com/g/p/9f7e6b4f58058bbdcdf56da994529595.jpg_200x200q80.avif
https://www.lazada.vn/products/pdp-i3104108554.html,Redmi,note 13pr,8GB,128GB,5000 mAh,,,12,50,1200000,Bắc Ninh,https://img.lazcdn.com/g/p/0ae58627d8a42f5390b5278cd0d5a660.jpg_200x200q80.avif
https://www.lazada.vn/products/pdp-i3104104552.html,Xiaomi,14 utra c,,,,,,0,50,1400000,Sơn La,https://img.lazcdn.com/g/p/46adb94ff5bb2bb07e7386372409f852.jpg_200x200q80.avif
https://www.lazada.vn/products/pdp-i3104103668.html,Samsung,23ut m,,,,,2,12,50,1300000,Lào Cai,https://img.lazcdn.com/g/p/f28660b3cb1fadc4bc0251d0b6a92bf2.jpg_200x200q80.avif
https://www.lazada.vn/products/pdp-i3104097507.html,Samsung,24ut m,,,,,2,12,65,1050000,Nam Định,https://img.lazcdn.com/g/p/5d75944756c32a7fad2b4640e8135ecb.jpg_200x200q80.avif
https://www.lazada.vn/products/pdp-i3104092518.html,OPPO,ren08pro,12GB,256GB,,5G,,12,65,630000,Nam Định,https://img.lazcdn.com/g/p/674c91cf325950e41cd7550b3f1864cd.jpg_200x200q80.avif
https://www.lazada.vn/products/pdp-i3104086853.html,Samsung,23ut m,,,,,2,12,50,1300000,Long An,https://img.lazcdn.com/g/p/f28660b3cb1fadc4bc0251d0b6a92bf2.jpg_200x200q80.avif
https://www.lazada.vn/products/pdp-i3104084655.html,Samsung,a32 m,,,,,2,0,50,800000,Long An,https://img.lazcdn.com/g/p/724767a6ee1a8450f63d74b616647f8d.jpg_200x200q80.avif
https://www.lazada.vn/products/pdp-i3104078741.html,Xiaomi,14 utra c,,,,,,0,50,1400000,Hà Nội,https://img.lazcdn.com/g/p/46adb94ff5bb2bb07e7386372409f852.jpg_200x200q80.avif
https://www.lazada.vn/products/pdp-i3104078678.html,Unknown,,,,,,,0,50,1309000,Nam Định,https://img.lazcdn.com/g/p/448bed97859c0571ae5441068be0aa82.jpg_200x200q80.avif
https://www.lazada.vn/products/pdp-i3104072781.html,Samsung,a72,,,,5G,,12,50,820000,Lào Cai,https://img.lazcdn.com/g/p/5902f9c37479817cea7fcb870f00bb93.jpg_200x200q80.avif
https://www.lazada.vn/products/pdp-i3104064843.html,OPPO,ffind n3 flip,12GB,256GB,,,,0,50,1500000,Sơn La,https://img.lazcdn.com/g/p/72387abcc588df9763079c9cc69ef2fc.jpg_200x200q80.avif
https://www.lazada.vn/products/pdp-i3104063856.html,Samsung,a32 m,,,,,2,0,65,560000,Nam Định,https://img.lazcdn.com/g/p/724767a6ee1a8450f63d74b616647f8d.jpg_200x200q80.avif
https://www.lazada.vn/products/pdp-i3104059894.html,OPPO,ffind n3 flip,12GB,256GB,,,,0,50,1500000,Hà Nội,https://img.lazcdn.com/g/p/72387abcc588df9763079c9cc69ef2fc.jpg_200x200q80.avif
https://www.lazada.vn/products/pdp-i3104056817.html,Unknown,,,,9800mAh,,,0,65,1021300,Nam Định,https://img.lazcdn.com/g/p/ba969a01259cabd4746c1dee00ad9605.jpg_200x200q80.avif
https://www.lazada.vn/products/pdp-i3104052904.html,Samsung,a72,,,,5G,,12,50,820000,Long An,https://img.lazcdn.com/g/p/5902f9c37479817cea7fcb870f00bb93.jpg_200x200q80.avif
https://www.lazada.vn/products/pdp-i3104048006.html,OPPO,ffind x8 pro,12GB,256GB,,,,0,50,1500000,Thái Bình,https://img.lazcdn.com/g/p/0bcdfbf785cea87ae8ed481d946d566c.jpg_200x200q80.avif
https://www.lazada.vn/products/pdp-i3104044955.html,OPPO,ren08pro,12GB,256GB,,5G,,12,50,900000,Hà Nội,https://img.lazcdn.com/g/p/674c91cf325950e41cd7550b3f1864cd.jpg_200x200q80.avif
https://www.lazada.vn/products/pdp-i3104044004.html,Xiaomi,13 utra c,,,,,,0,50,1200000,Thái Bình,https://img.lazcdn.com/g/p/9f7e6b4f58058bbdcdf56da994529595.jpg_200x200q80.avif
https://www.lazada.vn/products/pdp-i3104040014.html,Xiaomi,14 utra c,,,,,,0,50,1400000,Thái Bình,https://img.lazcdn.com/g/p/46adb94ff5bb2bb07e7386372409f852.jpg_200x200q80.avif
https://www.lazada.vn/products/pdp-i3104035740.html,Redmi,note 12,8GB,128GB,5000 mAh,,,12,65,560000,Nam Định,https://img.lazcdn.com/g/p/007c3af28afea99fb048a87be68d07c9.jpg_200x200q80.avif
https://www.lazada.vn/products/pdp-i3104035049.html,Redmi,note 11 pro,,,,,2,0,50,800000,Thái Bình,https://img.lazcdn.com/g/p/a4a317aaa363f909b0125c001e29efa0.jpg_200x200q80.avif
https://www.lazada.vn/products/pdp-i3104035038.html,Redmi,note 10pro,8GB,128GB,5020 mAh,,,12,50,800000,Thái Bình,https://img.lazcdn.com/g/p/2e3db16dc75b277df74c57c0515a4e6a.jpg_200x200q80.avif
https://www.lazada.vn/products/pdp-i3104033132.html,OPPO,ren012,12GB,256GB,,5G,,12,50,950000,Hồ Chí Minh,https://img.lazcdn.com/g/p/88036aff56da54e1dafcb8a56ec0f5bd.jpg_200x200q80.avif
https://www.lazada.vn/products/pdp-i3104029152.html,Samsung,22ut m,,,,,2,12,50,1200000,Thái Bình,https://img.lazcdn.com/g/p/549fc3fa7ee835d11af459d03d8cbd37.jpg_200x200q80.avif
https://www.lazada.vn/products/pdp-i3104028161.html,Samsung,23ut m,,,,,2,12,50,1300000,Thái Bình,https://img.lazcdn.com/g/p/f28660b3cb1fadc4bc0251d0b6a92bf2.jpg_200x200q80.avif
https://www.lazada.vn/products/pdp-i3104027161.html,Xiaomi,13 utra c,,,,,,0,50,1200000,Hồ Chí Minh,https://img.lazcdn.com/g/p/9f7e6b4f58058bbdcdf56da994529595.jpg_200x200q80.avif
https://www.lazada.vn/products/pdp-i3104023924.html,OPPO,ren012,12GB,256GB,,5G,,12,50,950000,Lào Cai,https://img.lazcdn.com/g/p/88036aff56da54e1dafcb8a56ec0f5bd.jpg_200x200q80.avif
https://www.lazada.vn/products/pdp-i3104022199.html,Samsung,a72,,,,5G,,12,50,820000,Thái Bình,https://img.lazcdn.com/g/p/5902f9c37479817cea7fcb870f00bb93.jpg_200x200q80.avif
https://www.lazada.vn/products/pdp-i3104017430.html,OPPO,ren0 13,,,,5G,,12,50,1400000,Hồ Chí Minh,https://img.lazcdn.com/g/p/a819fad4b27b1ec18e35d18ddb8f56a5.jpg_200x200q80.avif
https://www.lazada.vn/products/pdp-i3104011354.html,Samsung,m51,,,,,2,0,50,700000,Thái Bình,https://img.lazcdn.com/g/p/09690e5a3d594637b503730822509ecc.jpg_200x200q80.avif
https://www.lazada.vn/products/pdp-i3104011343.html,OPPO,ren08pro,12GB,256GB,,5G,,12,50,900000,Thái Bình,https://img.lazcdn.com/g/p/674c91cf325950e41cd7550b3f1864cd.jpg_200x200q80.avif
https://www.lazada.vn/products/pdp-i3104008576.html,Unknown,,,,,,,0,50,1309000,Hồ Chí Minh,https://img.lazcdn.com/g/p/448bed97859c0571ae5441068be0aa82.jpg_200x200q80.avif
https://www.lazada.vn/products/pdp-i3103998449.html,Samsung,a55,,,,5G,,12,50,1100000,Thái Bình,https://img.lazcdn.com/g/p/1d3dc590396f33e0b4fe9062d507d14f.jpg_200x200q80.avif
https://www.lazada.vn/products/pdp-i3103994515.html,OPPO,ren012,12GB,256GB,,5G,,12,50,950000,Thái Bình,https://img.lazcdn.com/g/p/88036aff56da54e1dafcb8a56ec0f5bd.jpg_200x200q80.avif
https://www.lazada.vn/products/pdp-i3103989662.html,Samsung,z fold 5,,,,,,12,50,1600000,Hồ Chí Minh,https://img.lazcdn.com/g/p/6e1e3696a85a2b650580f645ba8f2fc7.jpg_200x200q80.avif
https://www.lazada.vn/products/pdp-i3103986002.html,Samsung,23ut m,,,,,2,12,50,1300000,Hải Phòng,https://img.lazcdn.com/g/p/f28660b3cb1fadc4bc0251d0b6a92bf2.jpg_200x200q80.avif
https://www.lazada.vn/products/pdp-i3103985701.html,Unknown,,,,23800 mAh,,,0,50,1409000,Hồ Chí Minh,https://img.lazcdn.com/g/p/28bcd5b0fedd6364f660f0ca0281250c.jpg_200x200q80.avif
https://www.lazada.vn/products/pdp-i3103983571.html,Samsung,a32 m,,,,,2,0,50,800000,Thái Bình,https://img.lazcdn.com/g/p/724767a6ee1a8450f63d74b616647f8d.jpg_200x200q80.avif
https://www.lazada.vn/products/pdp-i3103982766.html,Xiaomi,14 utra c,,,,,,0,50,1400000,Hồ Chí Minh,https://img.lazcdn.com/g/p/46adb94ff5bb2bb07e7386372409f852.jpg_200x200q80.avif
https://www.lazada.vn/products/pdp-i3103971038.html,Samsung,a32 m,,,,,2,0,65,560000,Hà Nội,https://img.lazcdn.com/g/p/724767a6ee1a8450f63d74b616647f8d.jpg_200x200q80.avif
https://www.lazada.vn/products/pdp-i3103969067.html,Redmi,note 10pro,8GB,128GB,5020 mAh,,,12,50,800000,Hà Nội,https://img.lazcdn.com/g/p/2e3db16dc75b277df74c57c0515a4e6a.jpg_200x200q80.avif
https://www.lazada.vn/products/pdp-i3103968277.html,Redmi,note 12,8GB,128GB,5000 mAh,,,12,50,800000,Thái Bình,https://img.lazcdn.com/g/p/007c3af28afea99fb048a87be68d07c9.jpg_200x200q80.avif
https://www.lazada.vn/products/pdp-i3103967940.html,Samsung,23ut m,,,,,2,12,50,1300000,Nam Định,https://img.lazcdn.com/g/p/f28660b3cb1fadc4bc0251d0b6a92bf2.jpg_200x200q80.avif
https://www.lazada.vn/products/pdp-i3103955212.html,Xiaomi,15 utra c,,,,,,0,65,1120000,Hà Nội,https://img.lazcdn.com/g/p/e1b036f4d90d6246add04aa67b41a053.jpg_200x200q80.avif
https://www.lazada.vn/products/pdp-i3103954995.html,Unknown,,,,21000mAh,,,0,65,671300,Nam Định,https://img.lazcdn.com/g/p/5c38be3cbe7e4ccfbf3e77a84fc4878d.jpg_200x200q80.avif
https://www.lazada.vn/products/pdp-i3103952322.html,OPPO,ffind n3 flip,12GB,256GB,,,,0,50,1500000,Thái Bình,https://img.lazcdn.com/g/p/72387abcc588df9763079c9cc69ef2fc.jpg_200x200q80.avif
https://www.lazada.vn/products/pdp-i3103950195.html,OPPO,ren0 13,,,,5G,,12,65,980000,Hà Nội,https://img.lazcdn.com/g/p/a819fad4b27b1ec18e35d18ddb8f56a5.jpg_200x200q80.avif
https://www.lazada.vn/products/pdp-i3103940234.html,Unknown,,,,9800mAh,,,0,65,1021300,Hà Nội,https://img.lazcdn.com/g/p/ba969a01259cabd4746c1dee00ad9605.jpg_200x200q80.avif
https://www.lazada.vn/products/pdp-i3103938268.html,Samsung,24ut m,,,,,2,12,65,1050000,Hà Nội,https://img.lazcdn.com/g/p/5d75944756c32a7fad2b4640e8135ecb.jpg_200x200q80.avif
https://www.lazada.vn/products/pdp-i3103936249.html,Xiaomi,14 utra c,,,,,,0,50,1400000,Hải Phòng,https://img.lazcdn.com/g/p/46adb94ff5bb2bb07e7386372409f852.jpg_200x200q80.avif
https://www.lazada.vn/products/pdp-i3103934961.html,Redmi,note 13pr,8GB,128GB,5000 mAh,,,12,50,1200000,Thái Bình,https://img.lazcdn.com/g/p/0ae58627d8a42f5390b5278cd0d5a660.jpg_200x200q80.avif
https://www.lazada.vn/products/pdp-i3103927275.html,Redmi,note 12,8GB,128GB,5000 mAh,,,12,50,800000,Hà Nội,https://img.lazcdn.com/g/p/007c3af28afea99fb048a87be68d07c9.jpg_200x200q80.avif
https://www.lazada.vn/products/pdp-i3103925193.html,OPPO,ren08pro,12GB,256GB,,5G,,12,50,900000,Hà Nội,https://img.lazcdn.com/g/p/674c91cf325950e41cd7550b3f1864cd.jpg_200x200q80.avif
https://www.lazada.vn/products/pdp-i3103922952.html,Samsung,z fold 4,,,,,,12,50,1400000,Thái Bình,https://img.lazcdn.com/g/p/f5eb29d04b110755db15abe4a296be1f.jpg_200x200q80.avif
https://www.lazada.vn/products/pdp-i3103918415.html,Samsung,z fold 5,,,,,,12,50,1600000,Hải Phòng,https://img.lazcdn.com/g/p/6e1e3696a85a2b650580f645ba8f2fc7.jpg_200x200q80.avif
https://www.lazada.vn/products/pdp-i3103917173.html,Redmi,note 13pr,8GB,128GB,5000 mAh,,,12,65,840000,Hà Nội,https://img.lazcdn.com/g/p/0ae58627d8a42f5390b5278cd0d5a660.jpg_200x200q80.avif
https://www.lazada.vn/products/pdp-i3103916300.html,Unknown,,,,23800mAh,5G,,0,50,1459000,Hà Nội,https://img.lazcdn.com/g/p/a254e8c1c4db9d911c883a740dcc418f.jpg_200x200q80.avif
https://www.lazada.vn/products/pdp-i3103916288.html,Unknown,,,,21000mAh,,,0,50,959000,Hà Nội,https://img.lazcdn.com/g/p/5c38be3cbe7e4ccfbf3e77a84fc4878d.jpg_200x200q80.avif
https://www.lazada.vn/products/pdp-i3103907305.html,Samsung,22ut m,,,,,2,12,65,840000,Hà Nội,https://img.lazcdn.com/g/p/549fc3fa7ee835d11af459d03d8cbd37.jpg_200x200q80.avif
https://www.lazada.vn/products/pdp-i3103905321.html,Unknown,,,,10600mAh,,,0,50,1227500,Hà Nội,https://img.lazcdn.com/g/p/f0cec3b869cb9509c2750bd87011e971.jpg_200x200q80.avif
https://www.lazada.vn/products/pdp-i3103900249.html,Samsung,z fold 5,,,,,,12,65,1120000,Hà Nội,https://img.lazcdn.com/g/p/6e1e3696a85a2b650580f645ba8f2fc7.jpg_200x200q80.avif
https://www.lazada.vn/products/pdp-i3103895410.html,Samsung,23ut m,,,,,2,12,65,910000,Hà Nội,https://img.lazcdn.com/g/p/f28660b3cb1fadc4bc0251d0b6a92bf2.jpg_200x200q80.avif
https://www.lazada.vn/products/pdp-i3103893291.html,Samsung,z fold 4,,,,,,12,65,980000,Hà Nội,https://img.lazcdn.com/g/p/f5eb29d04b110755db15abe4a296be1f.jpg_200x200q80.avif
https://www.lazada.vn/products/pdp-i3103890532.html,Unknown,,,,10600mAh,,,0,50,1009000,Hà Nội,https://img.lazcdn.com/g/p/939d435e2e7f9dd5c3dbb518d932dd6f.jpg_200x200q80.avif
https://www.lazada.vn/products/pdp-i3103883541.html,OPPO,ffind x8 pro,12GB,256GB,,,,0,65,1050000,Hà Nội,https://img.lazcdn.com/g/p/0bcdfbf785cea87ae8ed481d946d566c.jpg_200x200q80.avif
https://www.lazada.vn/products/pdp-i3103879375.html,Redmi,note 11 pro,,,,,2,0,50,800000,Hải Phòng,https://img.lazcdn.com/g/p/a4a317aaa363f909b0125c001e29efa0.jpg_200x200q80.avif
https://www.lazada.vn/products/pdp-i3103875704.html,Samsung,a55,,,,5G,,12,50,1100000,Hồ Chí Minh,https://img.lazcdn.com/g/p/1d3dc590396f33e0b4fe9062d507d14f.jpg_200x200q80.avif
https://www.lazada.vn/products/pdp-i3103873685.html,Samsung,a32 m,,,,,2,0,50,800000,Hồ Chí Minh,https://img.lazcdn.com/g/p/724767a6ee1a8450f63d74b616647f8d.jpg_200x200q80.avif
https://www.lazada.vn/products/pdp-i3103873393.html,Unknown,,,,,,,0,50,1159000,Hà Nội,https://img.lazcdn.com/g/p/3044e756ab9ee3bef13162d3d04a2b48.jpg_200x200q80.avif
https://www.lazada.vn/products/pdp-i3103856703.html,Xiaomi,15 utra c,,,,,,0,50,1600000,Thái Bình,https://img.lazcdn.com/g/p/e1b036f4d90d6246add04aa67b41a053.jpg_200x200q80.avif
https://www.lazada.vn/products/pdp-i3103856507.html,OPPO,ren08pro,12GB,256GB,,5G,,12,50,900000,Hải Phòng,https://img.lazcdn.com/g/p/674c91cf325950e41cd7550b3f1864cd.jpg_200x200q80.avif
https://www.lazada.vn/products/pdp-i3103843788.html,Xiaomi,13 utra c,,,,,,0,65,840000,Hà Nội,https://img.lazcdn.com/g/p/9f7e6b4f58058bbdcdf56da994529595.jpg_200x200q80.avif
https://www.lazada.vn/products/pdp-i3103840829.html,OPPO,ren0 13,,,,5G,,12,50,1400000,Thái Bình,https://img.lazcdn.com/g/p/a819fad4b27b1ec18e35d18ddb8f56a5.jpg_200x200q80.avif
https://www.lazada.vn/products/pdp-i3103837547.html,Unknown,,,,,,,0,65,776300,Hà Nội,https://img.lazcdn.com/g/p/14502e16da2f013d6b77bf07b5f08305.jpg_200x200q80.avif
https://www.lazada.vn/products/pdp-i3103832544.html,Redmi,note 11 pro,,,,,2,0,65,560000,Hà Nội,https://img.lazcdn.com/g/p/a4a317aaa363f909b0125c001e29efa0.jpg_200x200q80.avif
https://www.lazada.vn/products/pdp-i3103830553.html,Samsung,m51,,,,,2,0,50,700000,Hà Nội,https://img.lazcdn.com/g/p/09690e5a3d594637b503730822509ecc.jpg_200x200q80.avif
https://www.lazada.vn/products/pdp-i3103828637.html,Xiaomi,14 utra c,,,,,,0,50,1400000,Bắc Giang,https://img.lazcdn.com/g/p/46adb94ff5bb2bb07e7386372409f852.jpg_200x200q80.avif
https://www.lazada.vn/products/pdp-i3103827846.html,OPPO,ren012,12GB,256GB,,5G,,12,65,665000,Hà Nội,https://img.lazcdn.com/g/p/88036aff56da54e1dafcb8a56ec0f5bd.jpg_200x200q80.avif
https://www.lazada.vn/products/pdp-i3103824582.html,Samsung,a72,,,,5G,,12,50,820000,Hà Nội,https://img.lazcdn.com/g/p/5902f9c37479817cea7fcb870f00bb93.jpg_200x200q80.avif
https://www.lazada.vn/products/pdp-i3103812982.html,Unknown,,,,23800 mAh,,,0,65,986300,Hà Nội,https://img.lazcdn.com/g/p/28bcd5b0fedd6364f660f0ca0281250c.jpg_200x200q80.avif
https://www.lazada.vn/products/pdp-i3103811899.html,Samsung,24ut m,,,,,2,12,50,1500000,Hồ Chí Minh,https://img.lazcdn.com/g/p/5d75944756c32a7fad2b4640e8135ecb.jpg_200x200q80.avif
https://www.lazada.vn/products/pdp-i3103811895.html,Samsung,23ut m,,,,,2,12,50,1300000,Hồ Chí Minh,https://img.lazcdn.com/g/p/f28660b3cb1fadc4bc0251d0b6a92bf2.jpg_200x200q80.avif
https://www.lazada.vn/products/pdp-i3103810888.html,Samsung,24ut m,,,,,2,12,50,1500000,Thái Bình,https://img.lazcdn.com/g/p/5d75944756c32a7fad2b4640e8135ecb.jpg_200x200q80.avif
https://www.lazada.vn/products/pdp-i3103804999.html,OPPO,ffind n3 flip,12GB,256GB,,,,0,65,1050000,Hà Nội,https://img.lazcdn.com/g/p/72387abcc588df9763079c9cc69ef2fc.jpg_200x200q80.avif
https://www.lazada.vn/products/pdp-i3103800855.html,Samsung,z fold 5,,,,,,12,50,1600000,Thái Bình,https://img.lazcdn.com/g/p/6e1e3696a85a2b650580f645ba8f2fc7.jpg_200x200q80.avif
https://www.lazada.vn/products/pdp-i3103793769.html,Unknown,,,,,,,0,65,916300,Hà Nội,https://img.lazcdn.com/g/p/448bed97859c0571ae5441068be0aa82.jpg_200x200q80.avif
https://www.lazada.vn/products/pdp-i3103773838.html,Samsung,a55,,,,5G,,12,65,770000,Hà Nội,https://img.lazcdn.com/g/p/1d3dc590396f33e0b4fe9062d507d14f.jpg_200x200q80.avif
https://www.lazada.vn/products/pdp-i3103759941.html,Unknown,,,,10600mAh,,,0,65,916300,Hà Nội,https://img.lazcdn.com/g/p/9fa8e3c283eaa99c8132adccfe44f863.jpg_200x200q80.avif
https://www.lazada.vn/products/pdp-i3103750991.html,Xiaomi,14 utra c,,,,,,0,65,980000,Hà Nội,https://img.lazcdn.com/g/p/46adb94ff5bb2bb07e7386372409f852.jpg_200x200q80.avif
https://www.lazada.vn/products/pdp-i3103164220.html,Samsung,z fold 5,,,,,,12,50,1600000,Hà Nội,https://img.lazcdn.com/g/p/6e1e3696a85a2b650580f645ba8f2fc7.jpg_200x200q80.avif
https://www.lazada.vn/products/pdp-i3103063907.html,Xiaomi,14 utra c,,,,,,0,50,1400000,Hà Nội,https://img.lazcdn.com/g/p/46adb94ff5bb2bb07e7386372409f852.jpg_200x200q80.avif
https://www.lazada.vn/products/pdp-i3102961343.html,Xiaomi,14,16GB,512GB,,5G,,18,40,3999000,Hà Nội,https://img.lazcdn.com/g/p/a7f0b9d17b3ea9549306445bdb43a229.jpg_200x200q80.avif
https://www.lazada.vn/products/pdp-i3102883342.html,Samsung,galaxy a15,8GB,256GB,,,,18,36,3599000,Hà Nội,https://img.lazcdn.com/g/p/57a49456543a5ca8427a9e52c2088ddf.jpg_200x200q80.avif
https://www.lazada.vn/products/pdp-i3102778847.html,Xiaomi,redmi 14c,6GB,128GB,,,,18,43,2599000,Hà Nội,https://img.lazcdn.com/g/p/dc646693cf7c2d23659eb0f1fab1bdea.jpg_200x200q80.avif
https://www.lazada.vn/products/pdp-i3102703513.html,HONOR,x7c,8GB,256GB,,,,18,40,3299000,Hà Nội,https://img.lazcdn.com/g/p/e13b5fa22bdf9e43e04991814b6cffc7.jpg_200x200q80.avif
https://www.lazada.vn/products/pdp-i3102634893.html,Nubia,neo 2,12GB,256GB,,,,18,39,3499000,Hà Nội,https://img.lazcdn.com/g/p/acb29da1c0e43ff91dd802ee28ca7a87.jpg_200x200q80.avif
https://www.lazada.vn/products/pdp-i3102037233.html,Samsung,galaxy j4 ngo,,,,,,0,49,459000,Bình Định,https://img.lazcdn.com/g/p/47c161741c192b100eb1a8c3640bf319.jpg_200x200q80.avif
https://www.lazada.vn/products/pdp-i3101994284.html,Samsung,galaxy j4 core,,,,,,0,27,440000,Bình Định,https://img.lazcdn.com/g/p/6e36fffafe846a5188309ea0505599ef.jpg_200x200q80.avif
https://www.lazada.vn/products/pdp-i3101990332.html,Samsung,j6 plus 3,,,,,,0,50,550000,Bình Định,https://img.lazcdn.com/g/p/18b551858f33f21c93a5de49d37ae3f3.jpg_200x200q80.avif
https://www.lazada.vn/products/pdp-i3096906312.html,Unknown,,,,,5G,,0,45,1221654,Hà Nội,https://img.lazcdn.com/g/p/b7818b255617044c4ef5bb590c30f164.jpg_200x200q80.avif
https://www.lazada.vn/products/pdp-i3096859475.html,Unknown,,,,,5G,,0,46,1212163,Hà Nội,https://img.lazcdn.com/g/p/126aef3bbea1d0c1bdfa4545cffaf67e.jpg_200x200q80.avif
https://www.lazada.vn/products/pdp-i3096734021.html,Nubia,v70 design,,,,,,18,33,1999000,Hà Nội,https://img.lazcdn.com/g/p/97a15abe89eab7684780a0049c107bf0.jpg_200x200q80.avif
https://www.lazada.vn/products/pdp-i3105972326.html,POCO,x6,8GB,256GB,,5G,,18,42,3299000,Hà Nội,https://img.lazcdn.com/g/p/23d711e076fb44fc3b3750d8803af188.jpg_200x200q80.avif
https://www.lazada.vn/products/pdp-i3096763765.html,Unknown,,,,,,,0,45,1136959,Hà Nội,https://img.lazcdn.com/g/p/9f81456d8d7ee399279d3f74469ad0c9.jpg_200x200q80.avif
https://www.lazada.vn/products/pdp-i3096642831.html,Xiaomi,redmi note 13,,,,,,18,41,2899000,Hà Nội,https://img.lazcdn.com/g/p/133c4614e0beb164062407a18d4316df.jpg_200x200q80.avif
https://www.lazada.vn/products/pdp-i3096529838.html,Xiaomi,redmi note 12,,,,5G,,18,42,3399000,Hà Nội,https://img.lazcdn.com/g/p/5b3da751f7b419d9b483e5c2b1f42a3a.jpg_200x200q80.avif
https://www.lazada.vn/products/pdp-i3095091385.html,Samsung,galaxy z flip6,,,,,,0,0,100000,Bình Dương,https://img.lazcdn.com/g/p/f243c527f631b848f2590fab50b30641.jpg_200x200q80.avif
https://www.lazada.vn/products/pdp-i3095057095.html,Unknown,,,,23800mAh,5G,,0,65,1021300,Hà Giang,https://img.lazcdn.com/g/p/a254e8c1c4db9d911c883a740dcc418f.jpg_200x200q80.avif
https://www.lazada.vn/products/pdp-i3095056084.html,OPPO,ren08pro,12GB,256GB,,5G,,12,65,630000,Hà Giang,https://img.lazcdn.com/g/p/674c91cf325950e41cd7550b3f1864cd.jpg_200x200q80.avif
https://www.lazada.vn/products/pdp-i3095053116.html,OPPO,ffind x8 pro,12GB,256GB,,,,0,65,1050000,Hà Giang,https://img.lazcdn.com/g/p/0bcdfbf785cea87ae8ed481d946d566c.jpg_200x200q80.avif
https://www.lazada.vn/products/pdp-i3095049118.html,Samsung,z fold 5,,,,,,12,50,1600000,Hà Giang,https://img.lazcdn.com/g/p/6e1e3696a85a2b650580f645ba8f2fc7.jpg_200x200q80.avif
https://www.lazada.vn/products/pdp-i3095044134.html,Samsung,24ut m,,,,,2,12,65,1050000,Hà Giang,https://img.lazcdn.com/g/p/5d75944756c32a7fad2b4640e8135ecb.jpg_200x200q80.avif
https://www.lazada.vn/products/pdp-i3095044130.html,Samsung,23ut m,,,,,2,12,65,910000,Hà Giang,https://img.lazcdn.com/g/p/f28660b3cb1fadc4bc0251d0b6a92bf2.jpg_200x200q80.avif
https://www.lazada.vn/products/pdp-i3095015463.html,Redmi,note 12,8GB,128GB,5000 mAh,,,12,65,560000,Hồ Chí Minh,https://img.lazcdn.com/g/p/007c3af28afea99fb048a87be68d07c9.jpg_200x200q80.avif
https://www.lazada.vn/products/pdp-i3095009279.html,OPPO,ren012,12GB,256GB,,5G,,12,65,665000,Hà Giang,https://img.lazcdn.com/g/p/88036aff56da54e1dafcb8a56ec0f5bd.jpg_200x200q80.avif
https://www.lazada.vn/products/pdp-i3094993362.html,Unknown,,,,10600mAh,,,0,65,916300,Hà Giang,https://img.lazcdn.com/g/p/9fa8e3c283eaa99c8132adccfe44f863.jpg_200x200q80.avif
https://www.lazada.vn/products/pdp-i3094990289.html,Xiaomi,13 utra c,,,,,,0,50,1200000,Hà Giang,https://img.lazcdn.com/g/p/9f7e6b4f58058bbdcdf56da994529595.jpg_200x200q80.avif
https://www.lazada.vn/products/pdp-i3094988302.html,Unknown,,,,,,,0,50,1159000,Hà Giang,https://img.lazcdn.com/g/p/3044e756ab9ee3bef13162d3d04a2b48.jpg_200x200q80.avif
https://www.lazada.vn/products/pdp-i3094981279.html,Samsung,z fold 4,,,,,,12,65,980000,Hà Giang,https://img.lazcdn.com/g/p/f5eb29d04b110755db15abe4a296be1f.jpg_200x200q80.avif
https://www.lazada.vn/products/pdp-i3094981277.html,Unknown,,,,10600mAh,,,0,65,706300,Hà Giang,https://img.lazcdn.com/g/p/939d435e2e7f9dd5c3dbb518d932dd6f.jpg_200x200q80.avif
https://www.lazada.vn/products/pdp-i3094980270.html,Redmi,note 13pr,8GB,128GB,5000 mAh,,,12,65,840000,Hà Giang,https://img.lazcdn.com/g/p/0ae58627d8a42f5390b5278cd0d5a660.jpg_200x200q80.avif
https://www.lazada.vn/products/pdp-i3094979283.html,Samsung,m51,,,,,2,0,65,490000,Hà Giang,https://img.lazcdn.com/g/p/09690e5a3d594637b503730822509ecc.jpg_200x200q80.avif
https://www.lazada.vn/products/pdp-i3094923563.html,Unknown,,,,,,,0,50,1309000,Hà Giang,https://img.lazcdn.com/g/p/448bed97859c0571ae5441068be0aa82.jpg_200x200q80.avif
https://www.lazada.vn/products/pdp-i3094910891.html,Xiaomi,14t,12GB,512GB,,5G,,18,33,4599000,Hà Nội,https://img.lazcdn.com/g/p/5906d9a83c45a4b84bc1d743cba495f5.jpg_200x200q80.avif
https://www.lazada.vn/products/pdp-i3094897485.html,OPPO,ren0 13,,,,5G,,12,65,980000,Hà Giang,https://img.lazcdn.com/g/p/a819fad4b27b1ec18e35d18ddb8f56a5.jpg_200x200q80.avif
https://www.lazada.vn/products/pdp-i3094882525.html,Unknown,,,,9800mAh,,,0,65,1021300,Hà Giang,https://img.lazcdn.com/g/p/ba969a01259cabd4746c1dee00ad9605.jpg_200x200q80.avif
https://www.lazada.vn/products/pdp-i3094880705.html,Unknown,,,,23800 mAh,,,0,65,986300,Hà Giang,https://img.lazcdn.com/g/p/28bcd5b0fedd6364f660f0ca0281250c.jpg_200x200q80.avif
https://www.lazada.vn/products/pdp-i3094836917.html,Xiaomi,15 utra c,,,,,,0,65,1120000,Hà Giang,https://img.lazcdn.com/g/p/e1b036f4d90d6246add04aa67b41a053.jpg_200x200q80.avif
https://www.lazada.vn/products/pdp-i3094826947.html,Samsung,a72,,,,5G,,12,65,574000,Hà Giang,https://img.lazcdn.com/g/p/5902f9c37479817cea7fcb870f00bb93.jpg_200x200q80.avif
https://www.lazada.vn/products/pdp-i3094817435.html,ZTE,blade a55,4GB,64GB,,,,18,40,1499000,Hà Nội,https://img.lazcdn.com/g/p/d6f3cb12e2369915ed00952c88501671.jpg_200x200q80.avif
https://www.lazada.vn/products/pdp-i3094758823.html,Unknown,,,,,,,6,32,5199000,Hà Nội,https://img.lazcdn.com/g/p/e4baca46ce0e8606501eedc1aedb541c.jpg_200x200q80.avif
https://www.lazada.vn/products/pdp-i3094750558.html,Samsung,galaxy a15,8GB,256GB,,,,18,39,3399000,Hà Nội,https://img.lazcdn.com/g/p/988f92961f387891a7360efc4d29835b.jpg_200x200q80.avif
https://www.lazada.vn/products/pdp-i3094743652.html,Xiaomi,redmi note 14,8GB,256GB,,5G,,18,48,3509100,Hà Nội,https://img.lazcdn.com/g/p/b6f1e38ead6e50862e42dd05c5e66f40.jpg_200x200q80.avif
https://www.lazada.vn/products/pdp-i3094727849.html,Realme,gt neo 7,,,,,,18,48,3599000,Hà Nội,https://img.lazcdn.com/g/p/4fc6e6317d4bac8f9e370c5025f9ad2f.jpg_200x200q80.avif
https://www.lazada.vn/products/pdp-i3094352336.html,Unknown,,,,,,,6,42,3889000,Hà Nội,https://img.lazcdn.com/g/p/25ceed3cdd14aca8907a18c0e0eb7022.jpg_200x200q80.avif
https://www.lazada.vn/products/pdp-i3094352333.html,Nubia,neo 2,12GB,256GB,,,,18,38,3399000,Hà Nội,https://img.lazcdn.com/g/p/acb29da1c0e43ff91dd802ee28ca7a87.jpg_200x200q80.avif
https://www.lazada.vn/products/pdp-i3094278602.html,Xiaomi,redmi note 14,8GB,128GB,,,,18,45,3149100,Hà Nội,https://img.lazcdn.com/g/p/5b590957410f775159878917b54cb842.jpg_200x200q80.avif
https://www.lazada.vn/products/pdp-i3094215957.html,Samsung,galaxy a36,,,,5G,,12,14,7150000,Hà Nội,https://img.lazcdn.com/g/p/17ba408daff16ab2b8f9afe9a055fba9.jpg_200x200q80.avif
https://www.lazada.vn/products/pdp-i3092999210.html,OPPO,ffind n3,16GB,512GB,,,,0,50,1500000,Hồ Chí Minh,https://img.lazcdn.com/g/p/7cb3bb78e90e2bc2ed62db73b015699e.jpg_200x200q80.avif
https://www.lazada.vn/products/pdp-i3092998214.html,OPPO,a53,,,,,,12,50,650000,Hồ Chí Minh,https://img.lazcdn.com/g/p/ea96c7eb07112f2faf8282e6d3bdac3d.jpg_200x200q80.avif
https://www.lazada.vn/products/pdp-i3092984237.html,OPPO,ffind n5,16GB,512GB,,,,0,50,1600000,Hồ Chí Minh,https://img.lazcdn.com/g/p/448150a59731e5622f60b1f9e572afb6.jpg_200x200q80.avif
https://www.lazada.vn/products/pdp-i3092978467.html,POCO,x7pro,12GB,256GB,6000 mAh,,,12,50,1000000,Hồ Chí Minh,https://img.lazcdn.com/g/p/4088d5ec3e9f7d10227ebacbfd214ddc.jpg_200x200q80.avif
https://www.lazada.vn/products/pdp-i3105005788.html,HONOR,x9c,12GB,256GB,,5G,,18,46,3599000,Hà Nội,https://img.lazcdn.com/g/p/d127c5d7d020c80fd8d6b59f06c05fb2.jpg_200x200q80.avif
https://www.lazada.vn/products/pdp-i3092968376.html,OPPO,a79,8GB,256GB,,5G,,12,50,850000,Hồ Chí Minh,https://img.lazcdn.com/g/p/4302c50ed2deffb143c0de065c38fc34.jpg_200x200q80.avif
https://www.lazada.vn/products/pdp-i3092949629.html,OPPO,a93s,8GB,256GB,,5G,,12,50,700000,Hồ Chí Minh,https://img.lazcdn.com/g/p/3300a8b7b35760c8ade39755f30469db.jpg_200x200q80.avif
https://www.lazada.vn/products/pdp-i3092935399.html,OPPO,ren0 10pro,12GB,256GB,,5G,,12,50,1200000,Hồ Chí Minh,https://img.lazcdn.com/g/p/c9800d75f3242b31d013cfdeacfbfec6.jpg_200x200q80.avif
https://www.lazada.vn/products/pdp-i3092925418.html,Redmi,note 14 pro,12GB,512GB,5110 mAh,,,12,50,1300000,Hồ Chí Minh,https://img.lazcdn.com/g/p/635872d7385961eccb0a933ab641f3ab.jpg_200x200q80.avif
https://www.lazada.vn/products/pdp-i3092909468.html,OPPO,a92,8GB,128GB,,,,12,50,720000,Hồ Chí Minh,https://img.lazcdn.com/g/p/6511a36f6bd5b3f1a264643cd4166036.jpg_200x200q80.avif
https://www.lazada.vn/products/pdp-i3092902703.html,Redmi,note 14 pro,12GB,512GB,5110 mAh,,,12,50,1400000,Hồ Chí Minh,https://img.lazcdn.com/g/p/ab344f79b1c1a2f2eec197483ef796a0.jpg_200x200q80.avif
https://www.lazada.vn/products/pdp-i3092892749.html,OPPO,f11,6GB,64GB,,,,12,50,650000,Hồ Chí Minh,https://img.lazcdn.com/g/p/db408caf790633428162ea7edf23d46f.jpg_200x200q80.avif
https://www.lazada.vn/products/pdp-i3092888477.html,Samsung,galaxy a06,,,,5G,,12,27,2550000,Hà Nội,https://img.lazcdn.com/g/p/bc9360439633a13efc380e665cb2c806.jpg_200x200q80.avif
https://www.lazada.vn/products/pdp-i3092885463.html,OPPO,a57,,,,,,12,50,730000,Hồ Chí Minh,https://img.lazcdn.com/g/p/857100c619ff722fa2778d31fb3f04a4.jpg_200x200q80.avif
https://www.lazada.vn/products/pdp-i3092884477.html,OPPO,ren0 10pro,12GB,256GB,,5G,,12,50,1100000,Hồ Chí Minh,https://img.lazcdn.com/g/p/8acf046fca9c180c128ddfd1239db733.jpg_200x200q80.avif
https://www.lazada.vn/products/pdp-i3092880721.html,OPPO,ren0 13 pro,,,,5G,,12,50,1500000,Hồ Chí Minh,https://img.lazcdn.com/g/p/9e45167268e9767cf8e3ad3179ce3ebe.jpg_200x200q80.avif
https://www.lazada.vn/products/pdp-i3092872547.html,Samsung,galaxy a26,,,,5G,,12,0,6990000,Hà Nội,https://img.lazcdn.com/g/p/aae7a8cade2eb4fecfc97331e7219f77.jpg_200x200q80.avif
https://www.lazada.vn/products/pdp-i3092868760.html,Unknown,,,,,,,0,50,1109000,Cần Thơ,https://img.lazcdn.com/g/p/14502e16da2f013d6b77bf07b5f08305.jpg_200x200q80.avif
https://www.lazada.vn/products/pdp-i3092865748.html,Xiaomi,15 c,,,,,,0,50,1300000,Hồ Chí Minh,https://img.lazcdn.com/g/p/f022ab76aa346c6622db7d4b51b9fe23.jpg_200x200q80.avif
https://www.lazada.vn/products/pdp-i3092864712.html,OPPO,a93,8GB,128GB,,5G,,12,50,750000,Hồ Chí Minh,https://img.lazcdn.com/g/p/ff9684b8acfbb55477c1e65c3b3c1771.jpg_200x200q80.avif
https://www.lazada.vn/products/pdp-i3092641047.html,Unknown,,,,21000mAh,,,0,65,671300,Hà Nội,https://img.lazcdn.com/g/p/5c38be3cbe7e4ccfbf3e77a84fc4878d.jpg_200x200q80.avif
https://www.lazada.vn/products/pdp-i3092634103.html,Samsung,m51,,,,,2,0,65,490000,Hà Nội,https://img.lazcdn.com/g/p/09690e5a3d594637b503730822509ecc.jpg_200x200q80.avif
https://www.lazada.vn/products/pdp-i3092628102.html,Samsung,24ut m,,,,,2,12,65,1050000,Hà Nội,https://img.lazcdn.com/g/p/5d75944756c32a7fad2b4640e8135ecb.jpg_200x200q80.avif
https://www.lazada.vn/products/pdp-i3092625090.html,Samsung,a32 m,,,,,2,0,65,560000,Hà Nội,https://img.lazcdn.com/g/p/724767a6ee1a8450f63d74b616647f8d.jpg_200x200q80.avif
https://www.lazada.vn/products/pdp-i3092611129.html,Redmi,note 11 pro,,,,,2,0,50,800000,Đồng Nai,https://img.lazcdn.com/g/p/a4a317aaa363f909b0125c001e29efa0.jpg_200x200q80.avif
https://www.lazada.vn/products/pdp-i3092610137.html,OPPO,ren0 13,,,,5G,,12,50,1400000,Đồng Nai,https://img.lazcdn.com/g/p/a819fad4b27b1ec18e35d18ddb8f56a5.jpg_200x200q80.avif
https://www.lazada.vn/products/pdp-i3092589228.html,Samsung,z fold 5,,,,,,12,65,1120000,Hà Nội,https://img.lazcdn.com/g/p/6e1e3696a85a2b650580f645ba8f2fc7.jpg_200x200q80.avif
https://www.lazada.vn/products/pdp-i3092586161.html,Samsung,22ut m,,,,,2,12,65,840000,Hà Nội,https://img.lazcdn.com/g/p/549fc3fa7ee835d11af459d03d8cbd37.jpg_200x200q80.avif
https://www.lazada.vn/products/pdp-i3092584183.html,Samsung,a55,,,,5G,,12,65,770000,Hà Nội,https://img.lazcdn.com/g/p/1d3dc590396f33e0b4fe9062d507d14f.jpg_200x200q80.avif
https://www.lazada.vn/products/pdp-i3092582171.html,OPPO,ren08pro,12GB,256GB,,5G,,12,65,630000,Hà Nội,https://img.lazcdn.com/g/p/674c91cf325950e41cd7550b3f1864cd.jpg_200x200q80.avif
https://www.lazada.vn/products/pdp-i3092556304.html,Redmi,note 12,8GB,128GB,5000 mAh,,,12,65,560000,Hà Nội,https://img.lazcdn.com/g/p/007c3af28afea99fb048a87be68d07c9.jpg_200x200q80.avif
https://www.lazada.vn/products/pdp-i3092551349.html,OPPO,ren012,12GB,256GB,,5G,,12,65,665000,Hà Nội,https://img.lazcdn.com/g/p/88036aff56da54e1dafcb8a56ec0f5bd.jpg_200x200q80.avif
https://www.lazada.vn/products/pdp-i3092550374.html,Xiaomi,15 utra c,,,,,,0,65,1120000,Hà Nội,https://img.lazcdn.com/g/p/e1b036f4d90d6246add04aa67b41a053.jpg_200x200q80.avif
https://www.lazada.vn/products/pdp-i3092524464.html,Redmi,note 11 pro,,,,,2,0,65,560000,Hà Nội,https://img.lazcdn.com/g/p/a4a317aaa363f909b0125c001e29efa0.jpg_200x200q80.avif
https://www.lazada.vn/products/pdp-i3092509507.html,OPPO,ren08pro,12GB,256GB,,5G,,12,65,630000,Đồng Nai,https://img.lazcdn.com/g/p/674c91cf325950e41cd7550b3f1864cd.jpg_200x200q80.avif
https://www.lazada.vn/products/pdp-i3092502484.html,Xiaomi,13 utra c,,,,,,0,65,840000,Hà Nội,https://img.lazcdn.com/g/p/9f7e6b4f58058bbdcdf56da994529595.jpg_200x200q80.avif
https://www.lazada.vn/products/pdp-i3092489506.html,OPPO,ren0 13,,,,5G,,12,65,980000,Hà Nội,https://img.lazcdn.com/g/p/a819fad4b27b1ec18e35d18ddb8f56a5.jpg_200x200q80.avif
https://www.lazada.vn/products/pdp-i3092488524.html,Xiaomi,15 utra c,,,,,,0,65,1120000,Đồng Nai,https://img.lazcdn.com/g/p/e1b036f4d90d6246add04aa67b41a053.jpg_200x200q80.avif
https://www.lazada.vn/products/pdp-i3092461582.html,Samsung,23ut m,,,,,2,12,65,910000,Hà Nội,https://img.lazcdn.com/g/p/f28660b3cb1fadc4bc0251d0b6a92bf2.jpg_200x200q80.avif
https://www.lazada.vn/products/pdp-i3092431794.html,Samsung,z fold 4,,,,,,12,65,980000,Hà Nội,https://img.lazcdn.com/g/p/f5eb29d04b110755db15abe4a296be1f.jpg_200x200q80.avif
https://www.lazada.vn/products/pdp-i3092334898.html,OPPO,ffind x8 pro,12GB,256GB,,,,0,65,1050000,Đồng Nai,https://img.lazcdn.com/g/p/0bcdfbf785cea87ae8ed481d946d566c.jpg_200x200q80.avif
https://www.lazada.vn/products/pdp-i3092332872.html,Xiaomi,14 utra c,,,,,,0,65,980000,Hà Nội,https://img.lazcdn.com/g/p/46adb94ff5bb2bb07e7386372409f852.jpg_200x200q80.avif
https://www.lazada.vn/products/pdp-i3092156404.html,Xiaomi,poco c65,8GB,256GB,,,,0,43,2280000,Hà Nội,https://img.lazcdn.com/g/p/9bd1266f3f4d44b329f9da35beee6e08.png_200x200q80.avif
https://www.lazada.vn/products/pdp-i3092044820.html,Xiaomi,14c,8GB,256GB,,,,0,42,2390000,Hà Nội,https://img.lazcdn.com/g/p/a13a1683c8a9e17e7b88eb247fa25eb5.png_200x200q80.avif
