key_0,main_image,product_title,seller_name,price_final,price_original,discount_percent,brand,model,RAM,ROM,OS,screen_size,warranty,battery_capacity
0,https://img.lazcdn.com/g/p/4302c50ed2deffb143c0de065c38fc34.jpg_720x720q80.jpg_.webp,"điện thoại 0PP0 A79 5G (8GB/256GB) | Cấu hình Cao Chiến mọi Game mượt - Hàng chính hãng Bảo hành 12 tháng""",Trường An Mobile,850000,1700000,50,oppo,A79,8,256,Android 13,6.72,12,5000
2,https://img.lazcdn.com/g/p/677502178273bdd91cc3b48c468b1361.jpg_720x720q80.jpg_.webp,▫✗▦ Do etui Huawei Mate V do pokrowca kieszonkowego Huawei P50,yimai11,574951,-1,-1,-1,"['Mate V', 'P50']",-1,-1,-1,-1.0,-1,-1
3,https://img.lazcdn.com/g/p/1d3dc590396f33e0b4fe9062d507d14f.jpg_720x720q80.jpg_.webp,"Điện thoại siêu phẩm SS_ A55 5G (8Gb/128GB)-hàng chính hãng mới 100%, Bảo hành chính hãng 12 tháng.trên toàn quốc",Hân Hân Apple,1100000,-1,-1,samsung,A55 5G,8,128,Android 14,6.6,12,5000
4,https://img.lazcdn.com/g/p/03d186de6313ee48550006a22d1ce7af.jpg_720x720q80.jpg_.webp,test测试 guyên bản mới mướt game Phone Android,Ai cửa hàng kỹ thuật số,1011421,1959617,48,-1,-1,-1,-1,,-1.0,-1,-1
6,https://img.lazcdn.com/g/p/e36fb21ec1518c4be14f505986c56369.jpg_720x720q80.jpg_.webp,"Oukitel WP28S Điện thoại SIÊU BỀN(chống nước,chống sốc,pin 10600mAh, Màn hình 6,52"" HD, Camera 13MP ,Android 14,NFC)",Minh Trang Shop99,1090000,-1,-1,oukitel,WP28S,16,-1,Android 14,6.52,-1,10600
7,https://img.lazcdn.com/g/p/ff9684b8acfbb55477c1e65c3b3c1771.jpg_720x720q80.jpg_.webp,điện thoại 0PP0 A93 5G (8GB/128GB) | Cấu hình Cao Chiến mọi Game mượt - Hàng chính hãng Bảo hành 12 tháng,Trường An Mobile,750000,1500000,50,oppo,A93,8,128,"Android 10, ColorOS 7.2",6.43,12,4000
8,https://img.lazcdn.com/g/p/88036aff56da54e1dafcb8a56ec0f5bd.jpg_720x720q80.jpg_.webp,điện thoại 0PP0 Ren012 5G (12GB/256GB) | Cấu hình Cao Chiến mọi Game mượt - Hàng chính hãng Bảo hành 12 tháng,Tú Linh Mobile,950000,1900000,50,oppo,Ren012 5G,12,256,Android 14,6.7,12,5000
9,https://img.lazcdn.com/g/p/549fc3fa7ee835d11af459d03d8cbd37.jpg_720x720q80.jpg_.webp,"Điện thoại SS 22ut máy 2sim ram 12G/256G Chính Hãng, bảo hành 12 tháng máy mới 100%",Bình Minh Mobile 88,1075000,2150000,50,samsung,SS 22ut,12,256,"Android 12, One UI 4.1",6.8,12,5000
10,https://img.lazcdn.com/g/ff/kf/Sb48942bc3d534ddf8bdc12c6827e8bd2S.jpg_720x720q80.jpg_.webp,Điện thoại samsung galaxy j6 plus 2018 máy cũ tân trang đẹp trên 95%,Smartchoice 247,495000,1100000,55,samsung,Galaxy J6+,3,-1,Android Oreo,6.0,-1,3300
11,https://img.lazcdn.com/g/p/95323c8fa063cfce9ffa21be25eadbfe.png_720x720q80.png_.webp,"Oukitel WP32 Pro siêu bền(RAM 24Gb(6GB + 18GB),ROM 256GB,NFC,Màn hình 6.0 inch, Android 14,T606 Octa Core, OTG)",Tuấn Nguyễn Mobile 88,1159000,2318000,50,oukitel,WP32 Pro,-1,256,Android 14,6.0,-1,-1
13,https://img.lazcdn.com/g/p/e170e944b99f815e25255d8df549d265.jpg_720x720q80.jpg_.webp,"Điện thoại SS 23ut máy 2sim ram 12G/512G Chính Hãng, mới 100% bảo hành 12 tháng toàn quốc",Thành Đạt Mobile88,1100000,2200000,50,-1,-1,12,512,Android 13,6.8,12,4500
14,https://img.lazcdn.com/g/p/2e3db16dc75b277df74c57c0515a4e6a.jpg_720x720q80.jpg_.webp,"Điện thoại Redmi_n0te 10pr0 Ram 8GB/128GB pin 5020 mAh máy chính hãng, bảo hành 12 tháng",Bình Minh Mobile 88,810000,1620000,50,xiaomi,-1,8,128,Android 11,6.67,12,5020
15,https://img.lazcdn.com/g/p/007c3af28afea99fb048a87be68d07c9.jpg_720x720q80.jpg_.webp,"Điện thoại Redmi_n0te 12 Ram 8GB/128GB pin 5000 mAh Chính Hãng, mới 100% bảo hành 12 tháng toàn quốc",Bình Minh Mobile 88,805000,1610000,50,xiaomi,Note 12,8,128,Android 13,6.67,12,5000
16,https://img.lazcdn.com/g/p/5902f9c37479817cea7fcb870f00bb93.jpg_720x720q80.jpg_.webp,"Điện thoại siêu phẩm SS_ A72 5G (8GB/256GB) hàng chính hãng mới 100%, Bảo hành chính hãng 12 tháng trên toàn quốc",Bình Minh Mobile 88,695000,1390000,50,samsung,SS_A72 5G,8,256,Android 11,6.7,12,5000
17,https://img.lazcdn.com/g/p/007c3af28afea99fb048a87be68d07c9.jpg_720x720q80.jpg_.webp,"Điện thoại  Redmi_n0te 12 Ram 8GB/128GB pin 5000 mAh máy chính hãng, bảo hành 12 tháng",Tuấn Nguyễn Mobile 88,800000,1600000,50,xiaomi,Note 12,8,128,Android 13,6.67,12,5000
18,https://img.lazcdn.com/g/p/e78309226d73fec5f8c33fc0856f35be.jpg_720x720q80.jpg_.webp,"điện thoại 0PP0 Ren08pr0 5G (12GB/256GB) | Chính Hãng, mới 100% bảo hành 12 tháng toàn quốc",Bình Minh Mobile 88,905000,1810000,50,oppo,-1,12,256,Android 12,-1,12,4500
19,https://img.lazcdn.com/g/p/939d435e2e7f9dd5c3dbb518d932dd6f.jpg_720x720q80.jpg_.webp,"Điện thoại chắc chắn Oukitel WP28 S (Màn hình HD 6,52"",pin 10600mAh,NFC,Ram 16GB(4+12),Rom 128GB, Android 14, Camera13M)",Tú Linh Mobile,1009000,2018000,50,oukitel,WP28 S,16,128,Android 14,6.52,-1,10600
20,https://img.lazcdn.com/g/p/09690e5a3d594637b503730822509ecc.jpg_720x720q80.jpg_.webp,"Điện thoại Ss M51 2sim ram 8G/128G, Hàng Chính Hãng, bảo hành 12 tháng Chụp ảnh đẹp, VÂN TAY OK",Hân Hân Apple,700000,-1,-1,samsung,M51,8,128,Android 10,6.7,12,7000
22,https://img.lazcdn.com/g/p/549fc3fa7ee835d11af459d03d8cbd37.jpg_720x720q80.jpg_.webp,"Điện thoại SS 22ut máy 2sim ram 12G/256G Chính Hãng, bảo hành 12 tháng máy mới 100%",Thành Đạt Mobile88,1075000,2150000,50,-1,SS 22ut,12,256,Android 12,6.8,12,5000
23,https://img.lazcdn.com/g/p/549fc3fa7ee835d11af459d03d8cbd37.jpg_720x720q80.jpg_.webp,"Điện thoại SS 22ut máy 2sim ram 12G/256G Chính Hãng, bảo hành 12 tháng máy mới 100%",Minh Trang Shop99,1075000,-1,-1,samsung,SS 22ut,12,256,"Android 12, One UI 4.1",6.8,12,5000
24,https://img.lazcdn.com/g/p/78967ecfdc37b80cd77d387101622de1.jpg_720x720q80.jpg_.webp,"Điện thoại xia0mi. Mi 13 Utra 912gb/256gb) Chính Hãng, mới 100% bảo hành 12 tháng toàn quốc",Thành Đạt Mobile88,850000,1700000,50,xiaomi,Mi 13 Ultra,12,256,Android 13,6.73,12,5000
25,https://img.lazcdn.com/g/p/6511a36f6bd5b3f1a264643cd4166036.jpg_720x720q80.jpg_.webp,điện thoại 0PP0 A92 (8GB/128GB) | Cấu hình Cao Chiến mọi Game mượt - Hàng chính hãng Bảo hành 12 tháng,Trường An Mobile,720000,1440000,50,-1,A92,8,128,"Android 10, ColorOS 7.1",6.5,12,4500
26,https://img.lazcdn.com/g/p/8e7c9fdb8de580d820255bf4dcede2e1.jpg_720x720q80.jpg_.webp,"Điện thoại Red.mi Note 11 pro 2sim ram 8G/128G, Chính Hãng, mới 100% bảo hành 12 tháng toàn quốc",Bình Minh Mobile 88,800000,1600000,50,xiaomi,Note 11 pro,8,128,Android 11,6.67,12,5000
28,https://img.lazcdn.com/g/p/31027d98f5daf81a4ec880ae102ea46f.jpg_720x720q80.jpg_.webp,"điện thoại 0PP0 Ren012 5G (12GB/256GB) | Chính Hãng, mới 100% bảo hành 12 tháng toàn quốc",Thành Đạt Mobile88,950000,1900000,50,oppo,Ren012,12,512,Android 14,6.7,12,5000
29,https://img.lazcdn.com/g/p/27d2276da838510f3156d10069c79450.jpg_720x720q80.jpg_.webp,♙☍♙ Bling Gradient miękki futerał do Huawei P20 P30 Pro P40 Lite E Mate 20 Honor 10 8X 8A 8S 9A 9S 9C 20S P Smart inteligentny Z 2019 Y5 Y6 Y7 okładka,ergeee6,179951,-1,-1,-1,-1,-1,-1,-1,-1,-1,-1
30,https://img.lazcdn.com/g/p/674c91cf325950e41cd7550b3f1864cd.jpg_720x720q80.jpg_.webp,điện thoại 0PP0 Ren08pr0 5G (12GB/256GB) | Cấu hình Cao Chiến mọi Game mượt - Hàng chính hãng Bảo hành 12 tháng,Tuấn Nguyễn Mobile 88,900000,1800000,50,oppo,Ren08pr0,12,256,Android 12,6.7,12,4500
32,https://img.lazcdn.com/g/p/8e7c9fdb8de580d820255bf4dcede2e1.jpg_720x720q80.jpg_.webp,"Điện thoại Red.mi Note 11 pro 2sim ram 8G/128G, Chính Hãng, mới 100% bảo hành 12 tháng toàn quốc",Minh Trang Shop99,800000,-1,-1,-1,Note 11 pro,8,128,Android 11,6.67,12,5000
34,https://img.lazcdn.com/g/p/5c38be3cbe7e4ccfbf3e77a84fc4878d.jpg_720x720q80.jpg_.webp,"Điện thoại Oukitel WP19 Pin 21000mAh, Vua pin siêu bền, Ram 8G Rom 256G Chính Hãng (tặng cáp bảo vệ sạc)",Tuấn Nguyễn Mobile 88,959000,1918000,50,oukitel,WP19,8,256,-1,-1.0,-1,21000
35,https://img.lazcdn.com/g/p/5902f9c37479817cea7fcb870f00bb93.jpg_720x720q80.jpg_.webp,"Điện thoại siêu phẩm SS_ A72 5G 128GB-Chính hãng newseal 100%, Bảo hành chính hãng 12 tháng.",Tú Linh Mobile,820000,1640000,50,-1,SS_ A72 5G,8,256,"Android 11, One UI 3.0",6.7,12,5000
36,https://img.lazcdn.com/g/p/2b15a212d00b2770d65881cab3033d0e.jpg_720x720q80.jpg_.webp,"Điện thoại SS 23ut máy 2sim ram 12G/512G Chính Hãng, mới 100% bảo hành 12 tháng toàn quốc",Minh Trang Shop99,1100000,-1,-1,samsung,23ut,12,256,Android 13,6.8,12,5000
38,https://img.lazcdn.com/g/p/09690e5a3d594637b503730822509ecc.jpg_720x720q80.jpg_.webp,"Điện thoại Ss M51 2sim ram 8G/128G, Cấu hình Cao Chiến mọi Game mượt, Chụp ảnh đẹp, VÂN TAY OK",Tuấn Nguyễn Mobile 88,700000,1400000,50,-1,M51,6,128,Android 10,6.7,-1,7000
39,https://img.lazcdn.com/g/p/1d3dc590396f33e0b4fe9062d507d14f.jpg_720x720q80.jpg_.webp,"Điện thoại siêu phẩm SS_ A55 5G 128GB-Chính hãng newseal 100%, Bảo hành chính hãng 12 tháng.",Tuấn Nguyễn Mobile 88,1100000,2200000,50,-1,SS_A55,8,128,Android 14,6.6,12,5000
40,https://img.lazcdn.com/g/p/928122795ae5be4be85f3a16fb55a5ea.jpg_720x720q80.jpg_.webp,"Điện thoại SS A32 máy 2sim ram 6G/128G Chính Hãng, mới 100% bảo hành 12 tháng toàn quốc",Bình Minh Mobile 88,750000,1500000,50,samsung,A32,6,128,Android 11,6.4,12,5000
41,https://img.lazcdn.com/g/p/5902f9c37479817cea7fcb870f00bb93.jpg_720x720q80.jpg_.webp,"Điện thoại siêu phẩm SS_ A72 5G (8GB/256GB) hàng chính hãng mới 100%, Bảo hành chính hãng 12 tháng trên toàn quốc",Thành Đạt Mobile88,695000,1390000,50,samsung,A72 5G,8,256,"Android 11, One UI 3.0",6.7,12,5000
42,https://img.lazcdn.com/g/p/09690e5a3d594637b503730822509ecc.jpg_720x720q80.jpg_.webp,"Điện thoại Ss M51 2sim ram 8G/128G, Hàng Chính Hãng, bảo hành 12 tháng Chụp ảnh đẹp, VÂN TAY OK",Bình Minh Mobile 88,700000,1400000,50,samsung,M51,8,128,Android 10,6.7,12,7000
43,https://img.lazcdn.com/g/p/78967ecfdc37b80cd77d387101622de1.jpg_720x720q80.jpg_.webp,"Điện thoại xia0mi. Mi 13 Utra 912gb/256gb) Chính Hãng, mới 100% bảo hành 12 tháng toàn quốc",Minh Trang Shop99,850000,-1,-1,xiaomi,Mi 13 Ultra,12,256,Android 13,6.73,12,5000
44,https://img.lazcdn.com/g/p/31027d98f5daf81a4ec880ae102ea46f.jpg_720x720q80.jpg_.webp,"điện thoại 0PP0 Ren012 5G (12GB/256GB) | Chính Hãng, mới 100% bảo hành 12 tháng toàn quốc",Bình Minh Mobile 88,950000,1900000,50,oppo,Ren012,12,512,Android 14,6.7,12,5000
46,https://img.lazcdn.com/g/p/1d3dc590396f33e0b4fe9062d507d14f.jpg_720x720q80.jpg_.webp,"Điện thoại siêu phẩm SS_ A55 5G (8Gb/128GB)-hàng chính hãng mới 100%, Bảo hành chính hãng 12 tháng.trên toàn quốc",Minh Thành Mobile 88,1100000,2200000,50,-1,SS_ A55 5G,8,128,Android 14,6.6,-1,5000
47,https://img.lazcdn.com/g/p/2e3db16dc75b277df74c57c0515a4e6a.jpg_720x720q80.jpg_.webp,"Điện thoại Redmi_n0te 10pr0 Ram 8GB/128GB pin 5020 mAh máy chính hãng, bảo hành 12 tháng",Thành Đạt Mobile88,810000,1620000,50,xiaomi,n0te 10pr0,8,128,Android 11,6.67,12,5020
49,https://img.lazcdn.com/g/p/e170e944b99f815e25255d8df549d265.jpg_720x720q80.jpg_.webp,"Điện thoại SS 23ut máy 2sim ram 12G/512G Chính Hãng, mới 100% bảo hành 12 tháng toàn quốc",Minh Thành Mobile 88,1100000,2200000,50,samsung,SS 23ut,12,256,Android 13,6.8,12,5000
50,https://img.lazcdn.com/g/p/9271980f80d7345f4ad5e0585f5e899f.jpg_720x720q80.jpg_.webp,Mới Điện thoại di động S24 Ultra smartphone 6.8inch Full Screen 6+128GB giá rẻ cho học sinh Miễn phí vận chuyển COD,Thanh Hoàng Mobile 88,1111000,2222000,50,-1,S24 Ultra smartphone,-1,128,-1,6.8,-1,-1
51,https://img.lazcdn.com/g/p/88036aff56da54e1dafcb8a56ec0f5bd.jpg_720x720q80.jpg_.webp,điện thoại 0PP0 Ren012 5G (12GB/256GB) | Cấu hình Cao Chiến mọi Game mượt - Hàng chính hãng Bảo hành 12 tháng,Tuấn Nguyễn Mobile 88,950000,1900000,50,-1,Ren012,12,512,Android 14,6.7,12,5000
52,https://img.lazcdn.com/g/p/928122795ae5be4be85f3a16fb55a5ea.jpg_720x720q80.jpg_.webp,"Điện thoại SS A32 máy 2sim ram 6G/128G Chính Hãng, mới 100% bảo hành 12 tháng toàn quốc",Minh Thành Mobile 88,750000,1500000,50,samsung,A32,6,128,Android 11,6.4,12,5000
53,https://img.lazcdn.com/g/ff/kf/S3a50b70e1d4d470bb7cd68df83a1fe0cx.jpg_720x720q80.jpg_.webp,ĐIỆN THOẠI SAMSUNG J6 PLUS 3/32Gb còn mới 90%,Điện Thoại 4G Giá Rẻ,745000,1090000,32,samsung,J6 PLUS,3,32,-1,6.0,-1,3300
54,https://img.lazcdn.com/g/p/78967ecfdc37b80cd77d387101622de1.jpg_720x720q80.jpg_.webp,"Điện thoại xia0mi. Mi 13 Utra 912gb/256gb) Chính Hãng, mới 100% bảo hành 12 tháng toàn quốc",Minh Thành Mobile 88,850000,1700000,50,xiaomi,Mi 13 Ultra,12,256,Android 13,6.73,12,5000
55,https://img.lazcdn.com/g/p/2f2a16e8abbccc486111fd51dd8eb178.jpg_720x720q80.jpg_.webp,Điện thoại Giá rẻ phổ thông S22 Ultra Màn hình FullHD Android Máy ảnh HD Cuộc gọi Chơi trò chơi Xem TV,Thanh Hoàng Mobile 88,829000,1658000,50,samsung,S22 Ultra,-1,-1,Android,-1,-1,-1
56,https://img.lazcdn.com/g/p/928122795ae5be4be85f3a16fb55a5ea.jpg_720x720q80.jpg_.webp,"Điện thoại SS A32 máy 2sim ram 6G/128G Chính Hãng, mới 100% bảo hành 12 tháng toàn quốc",Minh Trang Shop99,750000,-1,-1,samsung,Galaxy A32,6,128,Android 11,6.4,12,5000
57,https://img.lazcdn.com/g/p/5902f9c37479817cea7fcb870f00bb93.jpg_720x720q80.jpg_.webp,"Điện thoại siêu phẩm SS_ A72 5G (8GB/256GB) hàng chính hãng mới 100%, Bảo hành chính hãng 12 tháng trên toàn quốc",Minh Thành Mobile 88,695000,1390000,50,-1,SS_A72,8,256,"Android 11, One UI 3.0",6.7,12,5000
58,https://img.lazcdn.com/g/p/0686787e1089e24efed41330ff931d78.jpg_720x720q80.jpg_.webp,"Điện thoại SIÊU BỀN oukitel wp38(chống va đập,chống nước, Pin 10600 mAh,Ram 12Gb(6+6),Rom 256Gb,Màn hình 6.52 in,NFC)",Minh Trang Shop99,900000,-1,-1,oukitel,wp38,12,256,,6.52,-1,10600
59,https://img.lazcdn.com/g/p/6916d972afb2767ad53265669d861ddc.jpg_720x720q80.jpg_.webp,"Điện thoại Red.mi Note 14  2sim ram 8G/256G, Cấu hình mạnh, cày game nặng siêu mượt, máy chính hãng, bảo hành 12 tháng",Trường An Mobile,1100000,2200000,50,xiaomi,Note 14,8,256,Xiaomi HyperOS,6.67,12,5110
60,https://img.lazcdn.com/g/p/724767a6ee1a8450f63d74b616647f8d.jpg_720x720q80.jpg_.webp,"Điện thoại SS A32 máy 2sim ram 6G/128G Chính Hãng, VÂN TAY OK",Tuấn Nguyễn Mobile 88,800000,1600000,50,-1,A32,6,128,Android 11,6.4,-1,5000
61,https://img.lazcdn.com/g/p/939d435e2e7f9dd5c3dbb518d932dd6f.jpg_720x720q80.jpg_.webp,"Điện thoại chắc chắn Oukitel WP28 S (Màn hình HD 6,52"",pin 10600mAh,NFC,Ram 16GB(4+12),Rom 128GB, Android 14, Camera13M)",Tuấn Nguyễn Mobile 88,1009000,2018000,50,oukitel,WP28 S,16,128,Android 14,6.52,-1,10600
62,https://img.lazcdn.com/g/p/5902f9c37479817cea7fcb870f00bb93.jpg_720x720q80.jpg_.webp,"Điện thoại siêu phẩm SS_ A72 5G 128GB-Chính hãng newseal 100%, Bảo hành chính hãng 12 tháng.",Tuấn Nguyễn Mobile 88,820000,1640000,50,samsung,A72,8,256,"Android 11, One UI 3.0",6.72,12,5000
63,https://img.lazcdn.com/g/p/007c3af28afea99fb048a87be68d07c9.jpg_720x720q80.jpg_.webp,"Điện thoại  Redmi_n0te 12 Ram 8GB/128GB pin 5000 mAh máy chính hãng, bảo hành 12 tháng",Tú Linh Mobile,800000,1600000,50,-1,_note 12,8,128,Android 13,6.67,12,5000
64,https://img.lazcdn.com/g/p/6916d972afb2767ad53265669d861ddc.jpg_720x720q80.jpg_.webp,"Điện thoại Red.mi Note 14  2sim ram 8G/256G, Cấu hình mạnh, cày game nặng siêu mượt, máy chính hãng, bảo hành 12 tháng",Ngọc Kem Store,550000,1100000,50,-1,Note 14,8,256,Xiaomi HyperOS,6.67,12,5110
66,https://img.lazcdn.com/g/p/007c3af28afea99fb048a87be68d07c9.jpg_720x720q80.jpg_.webp,"Điện thoại  Redmi_n0te 12 Ram 8GB/128GB pin 5000 mAh máy chính hãng, bảo hành 12 tháng",Thanh Hậu Mobile,800000,1600000,50,xiaomi,Note 12,8,128,Android 13,6.67,12,5000
67,https://img.lazcdn.com/g/p/1d3dc590396f33e0b4fe9062d507d14f.jpg_720x720q80.jpg_.webp,"Điện thoại siêu phẩm SS_ A55 5G 128GB-Chính hãng newseal 100%, Bảo hành chính hãng 12 tháng.",Thanh Hậu Mobile,1100000,2200000,50,samsung,A55 5G,8,128,Android 14,6.6,12,5000
69,https://img.lazcdn.com/g/p/09690e5a3d594637b503730822509ecc.jpg_720x720q80.jpg_.webp,"Điện thoại Ss M51 2sim ram 8G/128G, Cấu hình Cao Chiến mọi Game mượt, Chụp ảnh đẹp, VÂN TAY OK",Tú Linh Mobile,700000,1400000,50,samsung,M51,6,128,Android 10,6.72,-1,7000
70,https://img.lazcdn.com/g/p/5902f9c37479817cea7fcb870f00bb93.jpg_720x720q80.jpg_.webp,"Điện thoại siêu phẩm SS_ A72 5G (8GB/256GB) hàng chính hãng mới 100%, Bảo hành chính hãng 12 tháng trên toàn quốc",Hân Hân Apple,695000,-1,-1,samsung,Galaxy A72,8,256,Android 11,6.7,12,5000
71,https://img.lazcdn.com/g/p/88036aff56da54e1dafcb8a56ec0f5bd.jpg_720x720q80.jpg_.webp,điện thoại 0PP0 Ren012 5G (12GB/256GB) | Cấu hình Cao Chiến mọi Game mượt - Hàng chính hãng Bảo hành 12 tháng,Thắng Vũ Store,950000,1900000,50,oppo,Ren012,12,-1,Android 14,6.7,12,5000
72,https://img.lazcdn.com/g/p/ea96c7eb07112f2faf8282e6d3bdac3d.jpg_720x720q80.jpg_.webp,điện thoại 0PP0 A53 (128GB) |Cấu hình Cao Chiến mọi Game mượt - Hàng chính hãng Bảo hành 12 tháng,Hiền Cua Store,650000,-1,-1,oppo,A53,4,128,"Android 10, ColorOS 7.2",6.5,12,5000
73,https://img.lazcdn.com/g/p/2e3db16dc75b277df74c57c0515a4e6a.jpg_720x720q80.jpg_.webp,"Điện thoại Redmi_n0te 10pr0 Ram 8GB/128GB pin 5020 mAh máy chính hãng, bảo hành 12 tháng",Thắng Vũ Store,800000,1600000,50,-1,n0te 10pr0,8,128,"Android 11, MIUI 12",6.66,12,5020
74,https://img.lazcdn.com/g/p/f76a01f1fcc8604a703c5fe313be751a.jpg_720x720q80.jpg_.webp,"Điện thoại Red.mi Note 11 pro 2sim ram 8G/128G, Cấu hình mạnh, cày game nặng siêu mượt, VÂN TAY OK",Thanh Hậu Mobile,800000,1600000,50,-1,Note 11 pro,8,128,"Android 11, MIUI 12.5",6.72,-1,5000
75,https://img.lazcdn.com/g/p/e78309226d73fec5f8c33fc0856f35be.jpg_720x720q80.jpg_.webp,"điện thoại 0PP0 Ren08pr0 5G (12GB/256GB) | Chính Hãng, mới 100% bảo hành 12 tháng toàn quốc",Minh Thành Mobile 88,905000,1810000,50,oppo,Ren08pr0,12,256,Android 12,6.7,12,4500
76,https://img.lazcdn.com/g/p/007c3af28afea99fb048a87be68d07c9.jpg_720x720q80.jpg_.webp,"Điện thoại Redmi_n0te 12 Ram 8GB/128GB pin 5000 mAh Chính Hãng, mới 100% bảo hành 12 tháng toàn quốc",Minh Trang Shop99,805000,-1,-1,xiaomi,Note 12,8,128,Android 13,6.67,12,5000
77,https://img.lazcdn.com/g/p/09690e5a3d594637b503730822509ecc.jpg_720x720q80.jpg_.webp,"Điện thoại Ss M51 2sim ram 8G/128G, Cấu hình Cao Chiến mọi Game mượt, Chụp ảnh đẹp, VÂN TAY OK",Thanh Hậu Mobile,700000,1400000,50,samsung,M51,6,128,Android 10,6.7,-1,7000
78,https://img.lazcdn.com/g/p/2e3db16dc75b277df74c57c0515a4e6a.jpg_720x720q80.jpg_.webp,"Điện thoại Redmi_n0te 10pr0 Ram 8GB/128GB pin 5020 mAh máy chính hãng, bảo hành 12 tháng",Tuấn Nguyễn Mobile 88,800000,1600000,50,xiaomi,Note 10 Pro,8,128,"Android 11, MIUI 12",6.66,12,5020
79,https://img.lazcdn.com/g/p/5902f9c37479817cea7fcb870f00bb93.jpg_720x720q80.jpg_.webp,"Điện thoại siêu phẩm SS_ A72 5G 128GB-Chính hãng newseal 100%, Bảo hành chính hãng 12 tháng.",Thanh Hậu Mobile,820000,1640000,50,-1,SS_A72,8,256,Android 11,6.7,12,5000
80,https://img.lazcdn.com/g/p/8e7c9fdb8de580d820255bf4dcede2e1.jpg_720x720q80.jpg_.webp,"Điện thoại Red.mi Note 11 pro 2sim ram 8G/128G, Chính Hãng, mới 100% bảo hành 12 tháng toàn quốc",Duy Chiến Mobile,800000,1600000,50,-1,Note 11 pro,8,128,Android 11,6.67,12,5000
81,https://img.lazcdn.com/g/p/80b6dd08c0fe4bb110a3874841184285.jpg_720x720q80.jpg_.webp,Điện thoại X.i.ao.m.i R.ed.mi.9A 2GB/32GB - Màn hình 6.53inch - Pin khủng.5000mah,Nguyên Lê Store,899000,1600000,44,xiaomi,Redmi Note 9A,2,32,Android 10,6.53,-1,5000
82,https://img.lazcdn.com/g/p/1d3dc590396f33e0b4fe9062d507d14f.jpg_720x720q80.jpg_.webp,"Điện thoại siêu phẩm SS_ A55 5G 128GB-Chính hãng newseal 100%, Bảo hành chính hãng 12 tháng.",Thắng Vũ Store,1100000,2200000,50,-1,SS_ A55 5G,8,128,Android 14,6.6,12,5000
83,https://img.lazcdn.com/g/p/6735baa6efed6ebce04a87b5f3bbe71d.jpg_720x720q80.jpg_.webp,Chính hãng S22 Ultra Smart Game bộ nhớ lớn 12+256GB Điện thoại 6.7inch WiFi 2 SIM Android máy ảnh HDgiá rẻ,Thanh Hoàng Mobile 88,829000,1658000,50,-1,-1,-1,-1,,-1.0,-1,-1
84,https://img.lazcdn.com/g/p/09690e5a3d594637b503730822509ecc.jpg_720x720q80.jpg_.webp,"Điện thoại Ss M51 2sim ram 8G/128G, Hàng Chính Hãng, bảo hành 12 tháng Chụp ảnh đẹp, VÂN TAY OK",Minh Thành Mobile 88,700000,1400000,50,samsung,M51,8,128,Android 10,6.7,12,7000
86,https://img.lazcdn.com/g/p/8e7c9fdb8de580d820255bf4dcede2e1.jpg_720x720q80.jpg_.webp,"Điện thoại Red.mi Note 11 pro 2sim ram 8G/128G, Chính Hãng, mới 100% bảo hành 12 tháng toàn quốc",Minh Thành Mobile 88,800000,1600000,50,-1,Note 11 pro,8,128,Android 11,6.67,12,5000
87,https://img.lazcdn.com/g/p/e36fb21ec1518c4be14f505986c56369.jpg_720x720q80.jpg_.webp,"Oukitel WP28S Điện thoại SIÊU BỀN(chống nước,chống sốc,pin 10600mAh, Màn hình 6,52"" HD, Camera 13MP ,Android 14,NFC)",Thành Đạt Mobile88,1090000,2018000,46,oukitel,WP28S,16,128,Android 14,6.52,-1,10600
88,https://img.lazcdn.com/g/p/db408caf790633428162ea7edf23d46f.jpg_720x720q80.jpg_.webp,điện thoại 0PP0 F11 (6GB/64GB) | Cấu hình Cao Chiến mọi Game mượt - Hàng chính hãng Bảo hành 12 tháng,Trường An Mobile,650000,1300000,50,oppo,F11,6,64,Android 9.0 (Pie); ColorOS 6,6.5,12,4020
89,https://img.lazcdn.com/g/p/9a922c48669018657fe392edef654846.jpg_720x720q80.jpg_.webp,S24 Ultra 5G 16GB+1TB Phiên bản gốc 7.3 inch Pin dung lượng lớn 7800mAh Giá rẻ Vận chuyển miễn phí,Thanh Hoàng Mobile 88,1111000,2222000,50,samsung,-1,16,1000,-1,-1.0,-1,-1
90,https://img.lazcdn.com/g/p/26f3c461d93b11a7c78a761effc91c6f.jpg_720x720q80.jpg_.webp,test测试  12+512GB điên thoại Thẻ 2 sim viettel giá rẻ giá rẻ học sinh Android Mobile Pin Lớn 5600mAh Bán giá rẻ Tiếng Việt dt giá rẻ,Ai cửa hàng kỹ thuật số,994628,1915098,48,-1,-1,12,512,-1,-1,-1,5600
91,https://img.lazcdn.com/g/p/724767a6ee1a8450f63d74b616647f8d.jpg_720x720q80.jpg_.webp,"Điện thoại SS A32 máy 2sim ram 6G/128G Chính Hãng, VÂN TAY OK",Tú Linh Mobile,800000,1600000,50,samsung,A32,6,128,Android 11,6.4,-1,5000
92,https://img.lazcdn.com/g/p/88036aff56da54e1dafcb8a56ec0f5bd.jpg_720x720q80.jpg_.webp,điện thoại 0PP0 Ren012 5G (12GB/256GB) | Cấu hình Cao Chiến mọi Game mượt - Hàng chính hãng Bảo hành 12 tháng,Thanh Hậu Mobile,950000,1900000,50,-1,Ren012,12,512,Android 14,6.7,12,5000
93,https://img.lazcdn.com/g/p/a4a317aaa363f909b0125c001e29efa0.jpg_720x720q80.jpg_.webp,"Điện thoại Red.mi Note 11 pro 2sim ram 8G/128G, Cấu hình mạnh, cày game nặng siêu mượt, VÂN TAY OK",Thắng Vũ Store,800000,1600000,50,xiaomi,Redmi Note 11 Pro,8,128,"Android 11, MIUI 12.5",6.67,-1,5000
94,https://img.lazcdn.com/g/p/d76f42e27822f7085eefd5efcbc0fbf4.png_720x720q80.png_.webp,"Điện thoại cảm ứng giá rẻ Samsung Galaxy J2 prime/G532 (1,5/8GB) 2 sim chính hãng màn hình lớn",bx568,470000,500000,6,samsung,Galaxy J2 Prime,-1,-1,-1,-1,-1,-1
95,https://img.lazcdn.com/g/p/8acf046fca9c180c128ddfd1239db733.jpg_720x720q80.jpg_.webp,"điện thoại 0PP0 Ren0 10pr0 5G (12GB/256GB) | Cấu hình Cao Chiến mọi Game mượt - Hàng chính hãng Bảo hành 12 tháng""",Hiền Cua Store,1100000,-1,-1,oppo,Ren0 10pr0,12,256,-1,6.7,12,4600
97,https://img.lazcdn.com/g/p/e2cf29b6947eb9f52be54464d0267127.jpg_720x720q80.jpg_.webp,Điện thoại Realme C2 2SIM Cấu hình Ram 2/32G Màn hình tràn viền Pin Trâu,Nguyên Lê Store,695466,1400000,50,realme,C2,-1,-1,-1,6.1,-1,-1
98,https://img.lazcdn.com/g/p/31027d98f5daf81a4ec880ae102ea46f.jpg_720x720q80.jpg_.webp,"điện thoại 0PP0 Ren012 5G (12GB/256GB) | Chính Hãng, mới 100% bảo hành 12 tháng toàn quốc",Minh Thành Mobile 88,950000,1900000,50,oppo,Ren012,12,512,Android 14,6.7,12,5000
99,https://img.lazcdn.com/g/p/09690e5a3d594637b503730822509ecc.jpg_720x720q80.jpg_.webp,"Điện thoại Ss M51 2sim ram 8G/128G, Cấu hình Cao Chiến mọi Game mượt, Chụp ảnh đẹp, VÂN TAY OK",Thắng Vũ Store,700000,1400000,50,samsung,M51,6,128,Android 10,6.7,-1,7000
100,https://img.lazcdn.com/g/p/6c801c701ec143648e423fcb82772dcc.jpg_720x720q80.jpg_.webp,S23 Ultra HD điện thoại 7.3 inch bộ nhớ lớn 16 + 1TB Android điện thoại máy ảnh 48+108MP HD Pixel điện thoại di động,Linh Phạm Store99,928000,1856000,50,samsung,S23 Ultra HD,-1,-1,Android,-1,-1,-1
101,https://img.lazcdn.com/g/ff/kf/Sa0cfdd79cdcf41e8a811fe0d14e501c9d.jpg_720x720q80.jpg_.webp,Hộp Thoại IDF 50 đôi đầy đủ đế gắn và phiến,Vật Tư Viễn Thông Giá Tốt,247000,-1,-1,-1,IDF 50,-1,-1,-1,-1,-1,-1
102,https://img.lazcdn.com/g/ff/kf/S7aabe5ee147741e585b78473428a26c7U.jpg_720x720q80.jpg_.webp,"Điện thoại cũ SS J5 Prime ram 2gb/16gb , máy đẹp giá rẻ",Minh Quân Mobile 1604193704,429000,469000,9,samsung,-1,-1,-1,-1,-1,-1,-1
103,https://img.lazcdn.com/g/p/14502e16da2f013d6b77bf07b5f08305.jpg_720x720q80.jpg_.webp,"Điện thoại oukitel  wp21 (Ram 12Gb,Rom 256Gb ,chống sốc,chống nước,pin khủng, pin 9.800mAh)",Thắng Vũ Store,1109000,2218000,50,oukitel,wp21,12,256,-1,-1,-1,9800
104,https://img.lazcdn.com/g/p/724767a6ee1a8450f63d74b616647f8d.jpg_720x720q80.jpg_.webp,"Điện thoại SS A32 máy 2sim ram 6G/128G Chính Hãng, VÂN TAY OK",Thắng Vũ Store,800000,1600000,50,samsung,A32,6,128,Android 11,6.4,-1,5000
105,https://img.lazcdn.com/g/ff/kf/Sd213a80113014fe09c65fba96831c4adJ.jpg_720x720q80.jpg_.webp,Samsung j7 pro chính hãng,Thế Giới Điện Thoại Hải Nam,1190000,-1,-1,samsung,j7 pro,3,-1,,-1.0,12,-1
106,https://img.lazcdn.com/g/ff/kf/S81714f6ef2074eb4b798d1642f9564b2J.jpg_720x720q80.jpg_.webp,Samsung Galaxy Z Flip3 5G 8/128GB Màn sáng đẹp Không ám / không chấm mực Đẹp tuyển chọn Kèm Phụ Kiện,PlayMobile - smartphone,5990000,-1,-1,samsung,Galaxy Z Flip3 5G,8,128,-1,-1,-1,-1
107,https://img.lazcdn.com/g/p/5c38be3cbe7e4ccfbf3e77a84fc4878d.jpg_720x720q80.jpg_.webp,"Điện thoại Oukitel WP19 Pin 21000mAh, Vua pin siêu bền, Ram 8G Rom 256G Chính Hãng (tặng cáp bảo vệ sạc)",Thắng Vũ Store,959000,1918000,50,oukitel,WP19,-1,-1,-1,-1,-1,21000
108,https://img.lazcdn.com/g/p/674c91cf325950e41cd7550b3f1864cd.jpg_720x720q80.jpg_.webp,điện thoại 0PP0 Ren08pr0 5G (12GB/256GB) | Cấu hình Cao Chiến mọi Game mượt - Hàng chính hãng Bảo hành 12 tháng,Thắng Vũ Store,900000,1800000,50,oppo,Ren08pr0,12,256,"Android 12, ColorOS 12.1",6.7,12,4500
109,https://img.lazcdn.com/g/p/0853ab5c4086c673c644c09fb709e45f.jpg_720x720q80.jpg_.webp,Hộp thoại IDF 100 đôi đầy đủ đế gắn và phiến,Vật Tư Viễn Thông Giá Tốt,453000,-1,-1,-1,IDF 100,-1,-1,-1,-1.0,-1,-1
110,https://img.lazcdn.com/g/p/007c3af28afea99fb048a87be68d07c9.jpg_720x720q80.jpg_.webp,"Điện thoại  Redmi_n0te 12 Ram 8GB/128GB pin 5000 mAh máy chính hãng, bảo hành 12 tháng",Thắng Vũ Store,800000,1600000,50,xiaomi,Redmi Note 12,8,128,Android 13,6.67,12,5000
111,https://img.lazcdn.com/g/ff/kf/S9beaae070a37430fb8fc6635e0bcca02l.jpg_720x720q80.jpg_.webp,điện thoại 5s,muaban797,740000,-1,-1,-1,-1,-1,-1,-1,-1,-1,-1
112,https://img.lazcdn.com/g/p/07d342c3396f8281209394b2c0b0f890.jpg_720x720q80.jpg_.webp,Sạc nhanh Bán giá rẻ Bộ nhớ 8+128GB handphone mướt game Mobile Bảo hành miễn phí điện thoại pin trâu Sạc nhanh điện thoại thông minh Mạng 4G điện thoại giá siêu rẻ Pin Lớn 4800mAh giá rẻ học sinh Camera 18+8MP Rino4  Androi,Hpa2w32,1107836,2160513,49,-1,Rino4,8,128,Android,-1,1,4800
113,https://img.lazcdn.com/g/p/a087d9bfa307d4e466610d037fdda1ab.jpg_720x720q80.jpg_.webp,mới nguyên bản Camera 108/50MP  điện thoại thông minh đánh mọi gaming nặng chất đt thông minh giá rẻ Bộ nhớ 12+512GB điện thoại giá 1kk Vi xử lý 10 nhân Mới 100% Siêu CPU Điện thoại tầm trung Cấu hình mạnh đỉnh Điện,gbc2v210,2762640,-1,-1,-1,-1,12,512,-1,-1,1,-1
114,https://img.lazcdn.com/g/p/d947cd36b4638b98cbbd01269c59a3f1.jpg_720x720q80.jpg_.webp,"điện thoại Samsung Galaxy A50 máy 2sim Ram 4G/64G Chính Hãng, lướt Wed Tiktok Facebook Youtube chất, Bảo hành 12 tháng",THUYDIEM SMP,1250000,1888000,34,samsung,Galaxy A50,4,64,Android 9.0 (Pie),6.4,12,4000
115,https://img.lazcdn.com/g/p/549fc3fa7ee835d11af459d03d8cbd37.jpg_720x720q80.jpg_.webp,"Điện thoại SS 22ut máy 2sim ram 12G/256G Chính Hãng, bảo hành 12 tháng máy mới 100%",Minh Thành Mobile 88,1075000,2150000,50,samsung,22ut,-1,-1,-1,-1,-1,-1
116,https://img.lazcdn.com/g/ff/kf/S929631e876614ecda7e11f8262f698cdi.jpg_720x720q80.jpg_.webp,Hộp Thoại IDF 30 đôi đầy đủ đế gắn và phiến,Vật Tư Viễn Thông Giá Tốt,206000,-1,-1,-1,IDF 30,-1,-1,-1,-1.0,-1,-1
117,https://img.lazcdn.com/g/p/674c91cf325950e41cd7550b3f1864cd.jpg_720x720q80.jpg_.webp,điện thoại 0PP0 Ren08pr0 5G (12GB/256GB) | Cấu hình Cao Chiến mọi Game mượt - Hàng chính hãng Bảo hành 12 tháng,Thanh Hậu Mobile,900000,1800000,50,oppo,Ren08pr0,12,256,"Android 12, ColorOS 12.1",6.7,12,4500
119,https://img.lazcdn.com/g/ff/kf/Sce9e580dd06646baa5e5e68a796271a1z.jpg_720x720q80.jpg_.webp,Samsung a20s chính hãng cấu hình mạnh,Thế Giới Điện Thoại Hải Nam,950000,1790000,47,samsung,a20s,3,32,-1,5.5,12,-1
120,https://img.lazcdn.com/g/p/ab259cb234a37d277b4461c5afd3b1e3.jpg_720x720q80.jpg_.webp,[Chính hãng]Điện thoại 0PP0_A3 pro 5G - (BH 12 tháng Lỗi 1 đổi 1 trong 30 ngày),Hiền Cua Store,800000,-1,-1,oppo,A3 pro 5G,-1,-1,"Android 14, ColorOS 14",6.67,12,5100
121,https://img.lazcdn.com/g/ot/common/3ba8f8f7c2c542eea3f0ed73351f6d84.png_720x720q80.png_.webp,"Điện thoại Samsung Galaxy A35 5G ( 8GB - 128GB ) - Hàng chính hãng, Mới 100%, Bảo hành 12 tháng",HAPPY PHONE MALL,8290000,-1,-1,samsung,Galaxy A35 5G,8,128,Android 14,6.6,12,5000
122,https://img.lazcdn.com/g/p/939d435e2e7f9dd5c3dbb518d932dd6f.jpg_720x720q80.jpg_.webp,"Điện thoại chắc chắn Oukitel WP28 S (Màn hình HD 6,52"",pin 10600mAh,NFC,Ram 16GB(4+12),Rom 128GB, Android 14, Camera13M)",Thắng Vũ Store,1009000,2018000,50,oukitel,WP28 S,-1,128,Android 14,6.52,-1,10600
123,https://img.lazcdn.com/g/p/e78309226d73fec5f8c33fc0856f35be.jpg_720x720q80.jpg_.webp,"điện thoại 0PP0 Ren08pr0 5G (12GB/256GB) | Chính Hãng, mới 100% bảo hành 12 tháng toàn quốc",Duy Chiến Mobile,905000,1810000,50,oppo,Ren08pr0 5G,12,256,Android 12,6.7,12,4500
124,https://img.lazcdn.com/g/p/9b095e25df555170a3338be4f1e2e1ad.jpg_720x720q80.jpg_.webp,"Điện thoại di động chắc chắn Oukitel WP32 Pro, RAM 24Gb(6GB + 18GB),ROM 256GB,Màn hình 6 inch HD,camera 20MP, NFC)",Duy Chiến Mobile,1025000,2050000,50,oukitel,WP32 Pro,24,256,-1,6.0,-1,-1
126,https://img.lazcdn.com/g/p/ecb291cbed736f559304dd911a7c2bba.jpg_720x720q80.jpg_.webp,Global Version Sạc nhanh Chính hãng Android handphone mướt game Điện thoại Thẻ 2 sim viettel giá rẻ Smartphone Bảo hành miễn phí đien thoại giá rẻ nhất 6.7inch điện thoại rẻ cho học sinh CPU Siêu Android phone Bộ nhớ 16+512G,Ai cửa hàng kỹ thuật số,1218228,2376930,49,-1,-1,16,512,Android,6.7,-1,-1
127,https://img.lazcdn.com/g/p/ab259cb234a37d277b4461c5afd3b1e3.jpg_720x720q80.jpg_.webp,[Chính hãng]Điện thoại 0PP0_A3 pro 5G - (BH 12 tháng Lỗi 1 đổi 1 trong 30 ngày),Lê Hân Store6,800000,-1,-1,oppo,A3 Pro,-1,-1,Android 14,6.67,12,5100
128,https://img.lazcdn.com/g/p/ecda296d10252e4711e37f4fe69ce5c1.jpg_720x720q80.jpg_.webp,test测试 4G Nguyên bản mới Thẻ 2 sim viettel giá rẻ Điện thoại di động Camera 64,Ai cửa hàng kỹ thuật số,969317,1900621,49,-1,-1,-1,-1,-1,-1,1,-1
130,https://img.lazcdn.com/g/p/5902f9c37479817cea7fcb870f00bb93.jpg_720x720q80.jpg_.webp,"Điện thoại siêu phẩm SS_ A72 5G (8GB/256GB) hàng chính hãng mới 100%, Bảo hành chính hãng 12 tháng trên toàn quốc",Ngọc Kem Store,347500,695000,50,samsung,A72 5G,8,256,Android 11,6.7,12,5000
132,https://img.lazcdn.com/g/p/a247e173b8c0f83250f8e1971508ed95.jpg_720x720q80.jpg_.webp,"ĐIỆN THOẠI IP6G  - Bản 32G - PYPASS LẮP SIM NGHE GỌI OK - MẤT VÂN TAY - TẢI GAME, ZALO, FACEBOOK, TIKTOK, YOUTUBE",THANH TÙNG APPLE 1,900000,-1,-1,-1,-1,-1,32,-1,-1,-1,-1
133,https://img.lazcdn.com/g/p/78967ecfdc37b80cd77d387101622de1.jpg_720x720q80.jpg_.webp,"Điện thoại xia0mi. Mi 13 Utra 912gb/256gb) Chính Hãng, mới 100% bảo hành 12 tháng toàn quốc",Duy Chiến Mobile,850000,1700000,50,xiaomi,Mi 13 Ultra,12,256,Android 13,6.73,-1,5000
134,https://img.lazcdn.com/g/p/ea96c7eb07112f2faf8282e6d3bdac3d.jpg_720x720q80.jpg_.webp,điện thoại 0PP0 A53 (128GB) |Cấu hình Cao Chiến mọi Game mượt - Hàng chính hãng Bảo hành 12 tháng,Trường An Mobile,650000,1300000,50,oppo,A53,4,128,"Android 10, ColorOS 7.2",6.5,12,5000
135,https://img.lazcdn.com/g/p/549fc3fa7ee835d11af459d03d8cbd37.jpg_720x720q80.jpg_.webp,"Điện thoại SS 22ut máy 2sim ram 12G/256G Chính Hãng, bảo hành 12 tháng máy mới 100%",Duy Chiến Mobile,1075000,2150000,50,samsung,-1,12,256,"Android 12, One UI 4.1",6.8,12,5000
136,https://img.lazcdn.com/g/p/146a412a93daf3c7d8058c8f7ab75c90.jpg_720x720q80.jpg_.webp,"Ulefone Armor mini 20T Pro 5G ( có camera nhiệt,màn hình 4,7"", Android 14, 6200 mAh, RAM 16 GB (8+8), ROM 256 GB)",Thu Hồng Mobile,1200000,2400000,50,-1,Armor mini 20T Pro,16,256,Android 14,4.7,-1,6200
137,https://img.lazcdn.com/g/ff/kf/S5aaaa392532e487c95fb9bf68e867a37V.jpg_720x720q80.jpg_.webp,Điện Thoại Thông Minh Giá Rẻ Samsung Galaxy J2 prime G532 Hỗ Trợ 4G Máy Cũ Tân Trang,Smartchoice 247,270000,600000,55,samsung,Galaxy J2 Prime G532,1.5,8,-1,5.0,-1,2600
138,https://img.lazcdn.com/g/p/857100c619ff722fa2778d31fb3f04a4.jpg_720x720q80.jpg_.webp,điện thoại 0PP0 A57 (128GB) | Cấu hình Cao Chiến mọi Game mượt - Hàng chính hãng Bảo hành 12 tháng,Minh Trang Shop99,730000,-1,-1,oppo,A57,4,128,"ColorOS 12.1, nền tảng Android 12",6.56,12,5000
139,https://img.lazcdn.com/g/p/09690e5a3d594637b503730822509ecc.jpg_720x720q80.jpg_.webp,"Điện thoại Ss M51 2sim ram 8G/128G, Hàng Chính Hãng, bảo hành 12 tháng Chụp ảnh đẹp, VÂN TAY OK",Thành Đạt Mobile88,700000,1400000,50,-1,M51,8,128,Android 10,6.7,12,7000
140,https://img.lazcdn.com/g/p/c347a3482146258c0e4c6aea17f5ac8b.jpg_720x720q80.jpg_.webp,điện thoại VlV0 Y55 ram 6G rom 128G 2sim đẹp zin,BATTU SHOP,719100,999000,28,-1,Y55,6,128,Android 6.0.1,5.2,-1,2730
141,https://img.lazcdn.com/g/p/2bc1a42bf709a2a73bef678b0b640c0e.jpg_720x720q80.jpg_.webp,Poco X3 Pro 8GB + 128GB | Dual Sim LTE NFC - Qualcomm®Snapdragon™860 | Tốc Độ Làm Mới 120Hz | Pin 4800MAh,Burley Stark,933951,999999,7,-1,X3 Pro,8,128,-1,-1,-1,4800
142,https://img.lazcdn.com/g/p/e36fb21ec1518c4be14f505986c56369.jpg_720x720q80.jpg_.webp,"Oukitel WP28S Điện thoại SIÊU BỀN(chống nước,chống sốc,pin 10600mAh, Màn hình 6,52"" HD, Camera 13MP ,Android 14,NFC)",Duy Chiến Mobile,1090000,2018000,46,oukitel,WP28S,16,128,Android 14,6.52,-1,10600
143,https://img.lazcdn.com/g/p/14502e16da2f013d6b77bf07b5f08305.jpg_720x720q80.jpg_.webp,"Điện thoại oukitel  wp21 (Ram 12Gb,Rom 256Gb ,chống sốc,chống nước,pin khủng, pin 9.800mAh)",Nguyễn Vĩ Mobile,1109000,2218000,50,oukitel,wp21,12,256,-1,-1,-1,-1
144,https://img.lazcdn.com/g/p/0d5701acf11a985233e8a97782ca1d35.jpg_720x720q80.jpg_.webp,"Điện thoại siêu phẩm SS_ z f0ld 5 (12GB/256GB)-Chính Hãng, mới 100% bảo hành 12 tháng toàn quốc",Minh Trang Shop99,1600000,-1,-1,samsung,ss_z f0ld 5,12,256,Android 13,7.6,12,4400
145,-1,-1,-1,-1,-1,-1,-1,-1,-1,-1,-1,-1,-1,-1
146,https://img.lazcdn.com/g/p/9f964693d73c793911f41724175521e6.jpg_720x720q80.jpg_.webp,Kính camera rời / kính không vành Redmi K30 pro,Linh Kiện_0932023678,25000,-1,-1,-1,-1,-1,-1,-1,-1.0,-1,-1
147,https://img.lazcdn.com/g/ff/kf/Sa763019413474a7486b4b2e060c77066B.jpg_720x720q80.jpg_.webp,"Điện Thoại XIAOMI POCO C75 (8GB+256GB) | Màn hình 6,88"" | Pin 5160mAh | Camera kép 50MP",Rex.Home,2290585,4599000,50,-1,C75,8,256,ANDROID 14,6.88,-1,5160
148,https://img.lazcdn.com/g/p/448150a59731e5622f60b1f9e572afb6.jpg_720x720q80.jpg_.webp,[Chính hãng] Điện thoại Opp0 FFIND N5 (16GB/512GB) - Hàng chính hãng,Trường An Mobile,1600000,3200000,50,oppo,Find N5,16,512,"ColorOS 15, nền tảng Android 15",8.12,-1,5600
150,https://img.lazcdn.com/g/p/6735baa6efed6ebce04a87b5f3bbe71d.jpg_720x720q80.jpg_.webp,Chính hãng S22 Ultra Smart Game bộ nhớ lớn 12+256GB Điện thoại 6.7inch WiFi 2 SIM Android máy ảnh HDgiá rẻ,Quốc Anh Mobile,829000,1658000,50,samsung,S22 Ultra,12,256,Android,6.7,-1,-1
151,https://img.lazcdn.com/g/p/635872d7385961eccb0a933ab641f3ab.jpg_720x720q80.jpg_.webp,"Điện thoại Redmi_n0te 14 pro  Ram 12GB/512GB pin 5110 mAh máy chính hãng, bảo hành 12 tháng",Trường An Mobile,1300000,2600000,50,xiaomi,Redmi Note 14 Pro,12,512,Xiaomi HyperOS (Android 14),-1,12,5110
152,https://img.lazcdn.com/g/ff/kf/S4d164a190abb4520aca759031abc0ee8B.jpg_720x720q80.jpg_.webp,Điện Thoại S23 Ultra Điện Tử Giảm Đến 50% Máy Ảnh HD 4+64 Gb MỚI Sẵn Tiếng Việt Chơi Ngon Lành Học Điện Thoại Mới Giá Rẻ,điện tử kỹ thuật số 3C,1170000,2140000,45,-1,S23 Ultra,16,1024,Android 13,-1,6,6800
153,https://img.lazcdn.com/g/p/e1b036f4d90d6246add04aa67b41a053.jpg_720x720q80.jpg_.webp,"Điện thoại mi Mi 15 Utra Cấu hình mạnh, cày game nặng siêu mượt (16+512GB) | Màn hình 6.73""",Tú Linh Mobile,1600000,3200000,50,xiaomi,Mi 15 Ultra,16,512,-1,6.73,-1,5410
154,https://img.lazcdn.com/g/p/928122795ae5be4be85f3a16fb55a5ea.jpg_720x720q80.jpg_.webp,"Điện thoại SS A32 máy 2sim ram 6G/128G Chính Hãng, mới 100% bảo hành 12 tháng toàn quốc",Duy Chiến Mobile,750000,1500000,50,samsung,A32,6,128,Android 11,6.4,12,5000
156,https://img.lazcdn.com/g/p/1d3dc590396f33e0b4fe9062d507d14f.jpg_720x720q80.jpg_.webp,"Điện thoại siêu phẩm SS_ A55 5G (8Gb/128GB)-hàng chính hãng mới 100%, Bảo hành chính hãng 12 tháng.trên toàn quốc",Duy Chiến Mobile,1100000,2200000,50,samsung,SS_ A55 5G,8,-1,Android 14,6.6,12,5000
157,https://img.lazcdn.com/g/p/ed2516b73da91b0c87a55dbf0bb08c55.jpg_720x720q80.jpg_.webp,điện thoại Samsunq J7 prime 2sim ram 3G bộ nhớ trong 32GB nguyên zin đẹp keng,Nguyên Lê Store,711569,1480000,52,samsung,J7 prime,3,32,-1,5.5,12,3300
159,-1,-1,-1,-1,-1,-1,-1,-1,-1,-1,-1,-1.0,-1,-1
160,https://img.lazcdn.com/collect/social-img/88ec8c5f39c547e5b455ce1abb0798db_0d2c70c361e64c4f8bc8400e48be9e3c.png_720x720q80.png_.webp,dienthoaigiare J2prime_g532  hõ trợ thẻ nhớ  zalo facebok tiktok ... nghe gọi vào mạng tải app ok,LPK_dienthoaigiare,299999,339000,12,samsung,J2prime_g532,-1,8,Android 6.0 (Marshmallow),5.0,3,-1
161,https://img.lazcdn.com/g/p/724767a6ee1a8450f63d74b616647f8d.jpg_720x720q80.jpg_.webp,"Điện thoại SS A32 máy 2sim ram 6G/128G Chính Hãng, VÂN TAY OK",Nguyễn Vĩ Mobile,800000,1600000,50,samsung,A32,6,128,Android 11,6.4,-1,5000
162,https://img.lazcdn.com/g/p/62bd2f67fb10ab50fee224efd2bcac72.jpg_720x720q80.jpg_.webp,Kính lưng Xiaomi REDMi 8 SE,Linh Kiện_0932023678,95000,-1,-1,xiaomi,REDMi 8 SE,-1,-1,-1,-1.0,-1,-1
164,https://img.lazcdn.com/g/ff/kf/Sf90e5ddf97d849a383c791959c7c4dd94.jpg_720x720q80.jpg_.webp,Điện Thoại Samsung Galaxy S22 Ultra 5G Mỹ 2 sim Chính Hãng | Snapdragon 8 Gen 1 Tại Playmobile,PlayMobile - smartphone,14690000,-1,-1,samsung,Galaxy S22 Ultra,-1,128,Android 12,6.8,-1,5000
165,https://img.lazcdn.com/g/p/50669defcef910475e96d2dbf037cb02.png_720x720q80.png_.webp,Điện thoại Samsung Galaxy A7 (2018) Máy Cũ Tân Trang,Smartchoice 247,994000,1988000,50,samsung,Galaxy A7 (2018),4,64,-1,-1.0,-1,3300
166,https://img.lazcdn.com/g/ff/kf/Sc87c41814d914ae1be22fec6b6e77a0d0.jpg_720x720q80.jpg_.webp,"S23 Smartphone siêu Việt, màn hình 6.8 inch độ nét cao, trang bị hệ điều hành Android 13 mở khóa, camera 72MP và viên pin 6800mAh, cho bạn tận hưởng nhiều niềm vui hơn",thành phố điện tử kỹ thuật số,1300000,2200000,41,samsung,-1,-1,-1,Android 13,6.8,-1,4500
167,https://img.lazcdn.com/g/p/6c801c701ec143648e423fcb82772dcc.jpg_720x720q80.jpg_.webp,S23 Ultra HD điện thoại 7.3 inch bộ nhớ lớn 16 + 1TB Android điện thoại máy ảnh 48+108MP HD Pixel điện thoại di động,Quốc Anh Mobile,928000,1856000,50,samsung,S23 Ultra HD,-1,-1,Android,7.3,-1,-1
168,https://img.lazcdn.com/g/ff/kf/S36a802a54b0a4a45abbb78e1ee6074f4Z.jpg_720x720q80.jpg_.webp,Điện thoại cũ ss j7 prime ram 3gb bộ nhớ 32gb,Minh Quân Mobile 1604193704,619000,659000,6,samsung,J7 Prime,3,32,-1,-1,-1,-1
169,https://img.lazcdn.com/g/p/3d48e09df533a8cadb03a3e93b70f8a5.jpg_720x720q80.jpg_.webp,Pin Oppo BLP563 - Oppo Find 5 mini / R827 (2000mAh) Dung lượng chuẩn bảo hành 1 đổi 1,LK Điện Thoại Tuấn Kiệt,105000,-1,-1,oppo,Find X5 mini / R827,-1,-1,-1,-1,-1,2000
170,https://img.lazcdn.com/g/p/3c11428cf93298eb2804c6d9324a66b1.jpg_720x720q80.jpg_.webp,Hộp Thoại IDF 50 đôi đầy đủ đế gắn và phiến cao cấp bảo hành lâu dài 1 đổi 1,Vật Tư Viễn Thông FiberTel,247000,-1,-1,-1,50,-1,-1,-1,-1,-1,-1
171,https://img.lazcdn.com/g/p/9c50db32410076009a375cd2108b9da0.jpg_720x720q80.jpg_.webp,"[ RẺ HỦY DIỆT ] điện thoại 4G Samsung Galaxy A7 (A750) 2sim ram 4G/64G Chính Hãng, Chiến Game mượt, Chụp ảnh siêu đẹp -bsnt PN",BSNT.PN,229000,-1,-1,samsung,Galaxy A7 (A750),4,64,Android 8 (Oreo),6.0,-1,3300
172,https://img.lazcdn.com/g/p/9d8b468409e5d76a8a15788e78a9ba0a.jpg_720x720q80.jpg_.webp,Điện Thoại Samsung A10 2 Sim 4G Ram 2 GB Bộ Nhớ 32 GB,Điện Thoại Giá Thợ,715000,-1,-1,samsung,A10,2,32,Android 9 (Pie),6.2,-1,3400
173,https://img.lazcdn.com/g/p/2ac29dc3ba874c9817e99e3004654312.jpg_720x720q80.jpg_.webp,Cute little sugar mamas iphone14 apple 13 x apply promax following from 12 hot style seven plus transparent 8/11 drop xr soft 6 the niche xsmax splus senior feeling se3 new female 2,ergtrhtw,71494,89368,20,apple,iphone14,-1,-1,-1,-1,-1,-1
174,https://img.lazcdn.com/g/p/a819fad4b27b1ec18e35d18ddb8f56a5.jpg_720x720q80.jpg_.webp,[Chính hãng]Điện thoại 0PP0_Ren0 13 5G (12gb/256gb) -hàng mới 100%(bảo hành  12 tháng Lỗi 1 đổi 1 trong 30 ngày),Bình Minh Mobile 88,1400000,2800000,50,-1,...,8,256,Android 15,6.72,12,4500
175,https://img.lazcdn.com/g/p/46adb94ff5bb2bb07e7386372409f852.jpg_720x720q80.jpg_.webp,"Điện thoạimi Mi 14 Utra Cấu hình mạnh, cày game nặng siêu mượt  (16+512GB) | Màn hình 6.73""",Tú Linh Mobile,1400000,2800000,50,xiaomi,Mi 14 Ultra,16,512,-1,6.73,-1,-1
176,https://img.lazcdn.com/g/ff/kf/S50d21acd0c0f41ab8dd77ae2d2c1e5eeY.jpg_720x720q80.jpg_.webp,Hộp Thoại IDF 50 đôi đầy đủ đế gắn và phiến,Vật Tư Viễn Thông FiberTel,247000,-1,-1,-1,-1,-1,-1,-1,-1,-1,-1
177,https://img.lazcdn.com/g/p/939d435e2e7f9dd5c3dbb518d932dd6f.jpg_720x720q80.jpg_.webp,"Điện thoại chắc chắn Oukitel WP28 S (Màn hình HD 6,52"",pin 10600mAh,NFC,Ram 16GB(4+12),Rom 128GB, Android 14, Camera13M)",Nguyễn Vĩ Mobile,1009000,2018000,50,oukitel,WP28 S,16,128,Android 14,6.52,-1,10600
178,https://img.lazcdn.com/g/p/10d35d63be0423d4a0df1d568beec0e5.jpg_720x720q80.jpg_.webp,"Điện thoại Redmi_n0te 13pr Ram 8GB/128GB pin 5100 mAh máy chính hãng mới 100% , bảo hành 12 tháng toàn quốc",Bình Minh Mobile 88,1200000,2400000,50,xiaomi,Redmi_n0te 13pr,8,256,Android 13,6.67,12,5100
179,https://img.lazcdn.com/g/p/10d35d63be0423d4a0df1d568beec0e5.jpg_720x720q80.jpg_.webp,"Điện thoại Redmi_n0te 13pr Ram 8GB/128GB pin 5100 mAh máy chính hãng mới 100% , bảo hành 12 tháng toàn quốc",Minh Trang Shop99,1200000,-1,-1,xiaomi,n0te 13pr,8,256,Android 13,6.67,12,5100
180,https://img.lazcdn.com/g/p/f76a01f1fcc8604a703c5fe313be751a.jpg_720x720q80.jpg_.webp,"Điện thoại Red.mi Note 11 pro 2sim ram 8G/128G, Cấu hình mạnh, cày game nặng siêu mượt, VÂN TAY OK",Nguyễn Vĩ Mobile,800000,1600000,50,xiaomi,Note 11 Pro,8,128,"Android 11, MIUI 12.5",6.67,-1,5000
181,https://img.lazcdn.com/g/p/0bcdfbf785cea87ae8ed481d946d566c.jpg_720x720q80.jpg_.webp,"[Chính hãng] Điện thoại 0pp0_FFind_X8 Pr0 (12GB/256GB) - Chính Hãng, mới 100% bảo hành 12 tháng toàn quốc",Minh Trang Shop99,1500000,-1,-1,oppo,FFind_X8 Pr0,16,512,Android 15,6.78,12,5910
182,https://img.lazcdn.com/g/p/09690e5a3d594637b503730822509ecc.jpg_720x720q80.jpg_.webp,"Điện thoại Ss M51 2sim ram 8G/128G, Cấu hình Cao Chiến mọi Game mượt, Chụp ảnh đẹp, VÂN TAY OK",Quốc Bảo Store86,490000,1400000,65,-1,-1,-1,-1,,-1.0,-1,-1
183,https://img.lazcdn.com/g/p/2237a5e7ea3ad89b0bf735514542bc23.jpg_720x720q80.jpg_.webp,"Điện thoại siêu phẩm mi Mi 15 Utra Cấu hình mạnh, cày game nặng siêu mượt (16+512GB) | Màn hình 6.73 bảo hành 12 tháng",Minh Trang Shop99,1600000,-1,-1,xiaomi,Mi 15 Ultra,16,512,Xiaomi HyperOS,6.73,12,5410
184,https://img.lazcdn.com/g/p/0853ab5c4086c673c644c09fb709e45f.jpg_720x720q80.jpg_.webp,Hộp thoại IDF 100 đôi đầy đủ đế gắn và phiến,Vật Tư Viễn Thông FiberTel,453000,-1,-1,-1,IDF 100,-1,-1,-1,-1,-1,-1
185,https://img.lazcdn.com/g/ff/kf/S065a8db37d704085ac2e393727a13fc1C.jpg_720x720q80.jpg_.webp,"Điện thoại cũ ss J2 prime ram 1,5Gb có 4G",Minh Quân Mobile 1604193704,309000,-1,-1,samsung,Galaxy J2 Prime,1,-1,-1,-1.0,-1,-1
186,-1,-1,-1,-1,-1,-1,-1,-1,-1,-1,-1,-1,-1,-1
187,https://img.lazcdn.com/g/p/d18de2b244aed222a8d2670fdbd1248f.jpg_720x720q80.jpg_.webp,Kính Camera Infinix Zero 40 5G,cameramen,250000,-1,-1,-1,-1,-1,-1,-1,6.72,12,5000
188,https://img.lazcdn.com/g/p/0d5701acf11a985233e8a97782ca1d35.jpg_720x720q80.jpg_.webp,"Điện thoại siêu phẩm SS_ z f0ld 5 (12GB/256GB)-Chính Hãng, mới 100% bảo hành 12 tháng toàn quốc",Thành Đạt Mobile88,1600000,3200000,50,samsung,Galaxy Z Fold 5,12,256,Android 13,7.6,12,4400
190,https://img.lazcdn.com/g/p/27d2b01361eea31f81f5c5a3210e90cb.jpg_720x720q80.jpg_.webp,[QUÀ TẶNG KHÔNG BÁN] Củ sạc Samsung Charger 45W type C,SAMSUNG Flagship Store,890000,-1,-1,samsung,-1,-1,-1,-1,-1,-1,-1
191,https://img.lazcdn.com/g/p/0ae58627d8a42f5390b5278cd0d5a660.jpg_720x720q80.jpg_.webp,"Điện thoại Redmi_n0te 13pr Ram 8GB/128GB pin 5000 mAh máy chính hãng, bảo hành 12 tháng",Bảo Ngọc Mobi,840000,1200000,30,xiaomi,Redmi_n0te 13pr,8,128,Android 13,6.67,12,5000
193,https://img.lazcdn.com/g/p/a254e8c1c4db9d911c883a740dcc418f.jpg_720x720q80.jpg_.webp,"Điện thoại chắc chắn unihertz Tank 3 (pin  23800mAh,sạc nhanh  120W, Ram 32GB(16+16),rom  512GB, ,5G , Android 13)",Tuấn Nguyễn Mobile 88,1459000,2918000,50,-1,Tank 3,32,512,Android 13,-1,-1,23800
194,https://img.lazcdn.com/g/p/b5c5ca57520346dd0b7d82a3b8443deb.jpg_720x720q80.jpg_.webp,Samsung Galaxy S24 Ultra 12GB/512GB Chính hãng,SamCenter Store,24200000,37490000,35,samsung,Galaxy S24 Ultra,12,512,Android 14,6.8,12,5000
196,https://img.lazcdn.com/g/p/1d3dc590396f33e0b4fe9062d507d14f.jpg_720x720q80.jpg_.webp,"Điện thoại siêu phẩm SS_ A55 5G 128GB-Chính hãng newseal 100%, Bảo hành chính hãng 12 tháng.",Nguyễn Vĩ Mobile,1100000,2200000,50,-1,A55 5G,8,128,Android 14,6.6,12,5000
197,https://img.lazcdn.com/g/p/5902f9c37479817cea7fcb870f00bb93.jpg_720x720q80.jpg_.webp,"Điện thoại siêu phẩm SS_ A72 5G (8GB/256GB) hàng chính hãng mới 100%, Bảo hành chính hãng 12 tháng trên toàn quốc",Duy Chiến Mobile,695000,1390000,50,samsung,A72 5G,8 GB,256 GB,"Android 11, One UI 3.0",6.7,12,4500
199,https://img.lazcdn.com/g/ff/kf/S2d32b4c7e31d4b449ace24fc5f0c8b3aw.png_720x720q80.png_.webp,6840 iC 11Series,TônMobile,60000,-1,-1,-1,-1,-1,-1,-1,-1.00,-1,-1
200,https://img.lazcdn.com/g/p/571dbad61eadbc805402dd08627605c3.jpg_720x720q80.jpg_.webp,điện thoại SS J3 Pro ram 2G bộ nhớ 16G bản 2 sim zin đẹp,Nguyên Lê Store,511338,1080000,53,samsung,J3 Pro,2,16,Android 7.0 (Nougat),5.0,-1,2400
202,https://img.lazcdn.com/g/p/1d3dc590396f33e0b4fe9062d507d14f.jpg_720x720q80.jpg_.webp,"Điện thoại siêu phẩm SS_ A55 5G (8Gb/128GB)-hàng chính hãng mới 100%, Bảo hành chính hãng 12 tháng.trên toàn quốc",Bình Minh Mobile 88,1100000,2200000,50,-1,SS_ A55 5G,8,128,Android 14,6.6,12,5000
203,https://img.lazcdn.com/g/p/f362b10611a828bb8fb3eaca10cc8a32.jpg_720x720q80.jpg_.webp,"Điện thoại Unihertz Tank 3 Pro (máy chiếu 100 lumens, 120Hz, RAM 32GB/36GB, ROM 512GB,Pin 23800mAh, sạc nhanh 120W)",Ngọc Kem Store,1056300,1509000,30,-1,Tank 3 Pro,36,512,-1,-1,-1,23800
205,https://img.lazcdn.com/g/p/2f2a16e8abbccc486111fd51dd8eb178.jpg_720x720q80.jpg_.webp,Điện thoại Giá rẻ phổ thông S22 Ultra Màn hình FullHD Android Máy ảnh HD Cuộc gọi Chơi trò chơi Xem TV,Quốc Anh Mobile,829000,1658000,50,samsung,S22 Ultra,-1,-1,Android,-1,-1,-1
206,https://img.lazcdn.com/g/ff/kf/S2a6ba43206c448299cf6ce01dd609f99W.jpg_720x720q80.jpg_.webp,Kính Ép / Kính Màn Hình One Plus Nord CE 2 5G,cameramen,50000,-1,-1,oneplus,Nord CE 2 5G,-1,-1,-1,-1,-1,-1
207,https://img.lazcdn.com/g/ff/kf/See9fc6dee12b4d8fac88287c33efa7a3x.jpg_720x720q80.jpg_.webp,SAMSUNG A30 RAM 4GB/64GB Máy đẹp dùng mượt,Điện Thoại 2T,810000,1250000,35,samsung,A30,4,64,-1,-1,-1,-1
208,https://img.lazcdn.com/g/ff/kf/S70ef94e762304b38acafdace0a09f2b4A.jpg_720x720q80.jpg_.webp,điện thoại Oppo a3s zin đã qua sử dụng,H'MONG 4S CHÍNH HÃNG,999000,-1,-1,oppo,A3s,-1,-1,-1,-1.0,-1,-1
209,https://img.lazcdn.com/g/ff/kf/S112a926a098841ebb20a067e3a9733eao.png_720x720q80.png_.webp,"Camera chính Oppo reno 8 _4G sắc nét, giá mềm",Lk DuyKhoa,160000,-1,-1,oppo,-1,-1,-1,-1,-1,-1,-1
210,https://img.lazcdn.com/g/p/9fa8e3c283eaa99c8132adccfe44f863.jpg_720x720q80.jpg_.webp,"Điện thoại siêu bền Oukitel WP36(loa to Âm thanh 8D Triple-Cam,Pin 10600mAh,Ram16GB(8+8),Rom128GB,CPU MediaTek 8788)",Tuấn Nguyễn Mobile 88,1309000,2618000,50,oukitel,WP36,16,128,-1,-1,-1,10600
211,https://img.lazcdn.com/g/p/09690e5a3d594637b503730822509ecc.jpg_720x720q80.jpg_.webp,"Điện thoại Ss M51 2sim ram 8G/128G, Cấu hình Cao Chiến mọi Game mượt, Chụp ảnh đẹp, VÂN TAY OK",Nguyễn Vĩ Mobile,700000,1400000,50,samsung,S M51,6,128,Android 10,6.7,-1,7000
212,https://img.lazcdn.com/g/p/0e0031d36b846bd5d6dadfac02c519ef.png_720x720q80.png_.webp,"Điện thoại siêu bền Unihertz tank 3s Điện thoại Máy chiếu(Máy chiếu DLP 100 Lumens,chống nước,chống va đập,Màn hình 6,79 inch, Ram 24Gb(12 +12) rom 256gb",Thành Đạt Mobile88,1409000,2818000,50,-1,tank 3s,24,256,Android 14.0,6.79,-1,15600
213,https://img.lazcdn.com/g/p/ba969a01259cabd4746c1dee00ad9605.jpg_720x720q80.jpg_.webp,"Điện thoại chắc chắn Oukitel Wp21 Ultra(camera nhiệt ,FLIR,chống nước,chống sốc,pin 9800mAh,Ram 12Gb,Rom 256Gb)",Tú Linh Mobile,1459000,2918000,50,oukitel,Wp21 Ultra,12,256,-1,-1,-1,9800
214,https://img.lazcdn.com/g/p/02839ccb79d6a14a63f250c25bc44469.jpg_720x720q80.jpg_.webp,Điện thoại Samsung J7pro và J7prime thanh lý. máy Ram 3G. Bộ nhớ 32G. đẹp 97%. BẢO HÀNH 06 THÁNG,Phụ Kiện Điện Thoại 9991,665000,-1,-1,samsung,J7pro,3,-1,-1,-1,-1,-1
215,https://img.lazcdn.com/g/p/007c3af28afea99fb048a87be68d07c9.jpg_720x720q80.jpg_.webp,"Điện thoại Redmi_n0te 12 Ram 8GB/128GB pin 5000 mAh Chính Hãng, mới 100% bảo hành 12 tháng toàn quốc",Minh Thành Mobile 88,805000,1610000,50,xiaomi,n0te 12,8,128,Android 13,-1,12,5000
216,https://img.lazcdn.com/g/p/9314a125f2aeb134d3027e5cc183d082.jpg_720x720q80.jpg_.webp,"Ốp điện thoại Suzume no Tojimari cho Samsung, Iphone, Xiaomi, Vsmart, Iphone, Oppo, Huawei, Vivo..",The Runaway Shirts,121660,-1,-1,-1,-1,-1,-1,-1,-1,-1,-1
217,https://img.lazcdn.com/g/p/46adb94ff5bb2bb07e7386372409f852.jpg_720x720q80.jpg_.webp,"Điện thoạimi Mi 14 Utra Cấu hình mạnh, cày game nặng siêu mượt (16+512GB) mới 100% hàng chính hãng bảo hành 12 tháng toàn quốc",Minh Trang Shop99,1400000,-1,-1,xiaomi,Mi 14 Ultra,16,512,Android 14,6.73,12,5000
218,https://img.lazcdn.com/g/p/01adc55c58fca80b4dc5db19ffbf4f8d.jpg_720x720q80.jpg_.webp,Điện thoại Samsung Galaxy J7 Prime Ram 3GB bộ nhớ 32GB chơi game liên quân freefire mượt,Shop điện thoại cũ giá rẻ Nam Định,2500000,-1,-1,samsung,Galaxy J7 Prime,3,32,-1,-1,-1,-1
219,https://img.lazcdn.com/g/ff/kf/S4ca0be60a5c943ecaa57f2ace0306cdaN.jpg_720x720q80.jpg_.webp,điện thoại Hỗ trợ kiểm tra hàng hóa dt gia rẻ Cấu hình mạnh đỉnh điện thoại màn hình to giá rẻ Chính Hãng New Arrival Hàng mới về đt giá rẻ chính hãng,inafc7e123,1030659,1944640,47,-1,-1,-1,-1,,-1,12,-1
220,https://img.lazcdn.com/g/ff/kf/S4d164a190abb4520aca759031abc0ee8B.jpg_720x720q80.jpg_.webp,"S23 Ultra Điện Thoại Di Động Chính Hãng Murah Màn Hình, Full HD 6.8Inch Bộ Nhớ 8+256GB Hai Thẻ Sim Camera HD Pin 6800mAh Điện Thoại Giá Rẻ",điện tử kỹ thuật số 3C,1174100,2230000,47,-1,S23 Ultra,8,256,-1,6.8,-1,6800
221,https://img.lazcdn.com/g/ff/kf/S584fcee09bb54e22832412386e9cecb4w.jpg_720x720q80.jpg_.webp,Điện thoại Samsung Galaxy S23 Ultra 5G - Hàng Chính Hãng - Mới 100% - Nguyên Seal,Tamanmobile,25599000,30990000,17,samsung,Galaxy S23 Ultra,-1,-1,"Android 13, One UI 5",6.8,12,5000
222,https://img.lazcdn.com/g/p/88036aff56da54e1dafcb8a56ec0f5bd.jpg_720x720q80.jpg_.webp,điện thoại 0PP0 Ren012 5G (12GB/256GB) | Cấu hình Cao Chiến mọi Game mượt - Hàng chính hãng Bảo hành 12 tháng,Bảo Ngọc Mobi,950000,-1,-1,oppo,Ren012,12,512,Android 14,6.7,12,5000
223,https://img.lazcdn.com/g/p/6e1e3696a85a2b650580f645ba8f2fc7.jpg_720x720q80.jpg_.webp,"Điện thoại siêu phẩm SS_ z f0ld 5 256GB-Chính hãng mới 100%, Bảo hành chính hãng 12 tháng.",Tuấn Nguyễn Mobile 88,1600000,3200000,50,samsung,Galaxy Z Fold 5,12,256,"Android 13, One UI 5.1",7.6,12,4400
224,https://img.lazcdn.com/g/p/e78309226d73fec5f8c33fc0856f35be.jpg_720x720q80.jpg_.webp,"điện thoại 0PP0 Ren08pr0 5G (12GB/256GB) | Chính Hãng, mới 100% bảo hành 12 tháng toàn quốc",Minh Trang Shop99,905000,-1,-1,oppo,Ren08pr0,12,256,Android 12,6.7,12,4500
225,https://img.lazcdn.com/g/p/1b0394a734e7c3cd62a108860d99272b.jpg_720x720q80.jpg_.webp,"Điện thoại Ulefone Armor X13, (chống nước,chống va đập IP68/IP69K, Ram 12GB(6Gb+6Gb) ,Rom 64GB, Android 13)",Thu Hồng Mobile,929000,1858000,50,-1,Armor X13,12,64,Android 13,-1,-1,-1
226,https://img.lazcdn.com/g/ff/kf/Sd3eb636d6b714781a7aa8a2977993f7dP.jpg_720x720q80.jpg_.webp,ĐIỆN THOẠI OP-PO a3s 2 sim chính hãng màn hình tai thỏ đẹp zin mướt,MiNew-STORE,950000,-1,-1,oppo,A3s,-1,-1,-1,-1,-1,-1
227,https://img.lazcdn.com/g/p/01531f76658e2ea619a77d15146a8023.jpg_720x720q80.jpg_.webp,"[DUY NHẤT 9-10.7] Điện thoại Samsung Galaxy A56 5G, Màn Hình FHD 6.7”, Mặt lưng kính, AI-Best Face, Camera giảm nhiễu ảnh chụp đêm, Sạc 45W",SAMSUNG Flagship Store,9990000,-1,-1,samsung,Galaxy A56 5G,8,128,Android 15,6.7,-1,5000
228,https://img.lazcdn.com/g/p/6e1e3696a85a2b650580f645ba8f2fc7.jpg_720x720q80.jpg_.webp,"Điện thoại siêu phẩm SS_ z f0ld 5 256GB-Chính hãng mới 100%, Bảo hành chính hãng 12 tháng.",Tú Linh Mobile,1600000,3200000,50,samsung,Galaxy Z Fold 5,12,256,"Android 13, One UI 5.1",7.6,12,4400
229,https://img.lazcdn.com/g/p/2e3db16dc75b277df74c57c0515a4e6a.jpg_720x720q80.jpg_.webp,"Điện thoại Redmi_n0te 10pr0 Ram 8GB/128GB pin 5020 mAh máy chính hãng, bảo hành 12 tháng",Thanh Hậu Mobile,800000,1600000,50,xiaomi,n0te_10pr0,8,128,"Android 11, MIUI 12",6.66,12,5020
230,https://img.lazcdn.com/g/p/549fc3fa7ee835d11af459d03d8cbd37.jpg_720x720q80.jpg_.webp,"Điện thoại SS 22ut máy 2sim ram 12G/256G Chính Hãng, bảo hành 12 tháng",Tú Linh Mobile,1200000,2400000,50,samsung,22ut,12,256,"Android 12, One UI 4.1",6.8,12,5000
231,https://img.lazcdn.com/g/p/223ea7a8e13aefe37f5ea2555af60c7e.jpg_720x720q80.jpg_.webp,"[ Rẻ Vô Địch ] điện thoại Samsung Galaxy A7 (A750) 2sim ram 4G/64G máy Chính Hãng, Cấu hình Cao cấp, Chiến mọi game nặng siêu mượt, -PNBS",BSNT.PN,999000,1299000,23,samsung,Galaxy A7 (A750),4,64,Android 8 (Oreo),6.0,-1,3300
232,https://img.lazcdn.com/g/ff/kf/S910735bb2155424c944d55cc7f3d3aa6W.jpg_720x720q80.jpg_.webp,"Điện thoại 2 SIM MẠNG 4G rẻ nhất XIAOMI 4C Chip Snap 808 bản 3/32G MÀN 5"" FULLHD",Dịch vụ Minh Tuấn,665850,690000,4,xiaomi,4C,3,32,Android 7.0,5,-1,3080
233,https://img.lazcdn.com/g/p/fbefde4939c40dcd7f1b7273717686d1.jpg_720x720q80.jpg_.webp,i15 Pro Max điện thoại thông minh 6.7 inch Màn hình HD 16G 1TB điện thoại rẻ cho học sinh 3G/4G/5G đt giá rẻ Hai SIM,Thanh Hoàng Mobile 88,1212000,2424000,50,-1,i15 Pro Max,16,1,-1,6.7,-1,-1
234,https://img.lazcdn.com/g/ff/kf/Sae24ff4f73324c9eb55ecfe092f5070eT.jpg_720x720q80.jpg_.webp,Điện Thoại Di Động giá rẻ S23 Ultra Chính Hãng Murah Màn Hình Full HD 7.3Inch Bộ Nhớ 3+32GB Hai Thẻ Sim Camera HD 32+64MP Pin 6800mAh chính hãng giá rẻ,điện tử kỹ thuật số 3C,1174700,2247800,48,samsung,Galaxy S23 Ultra,16,1024,Android 13,7.3,-1,-1
235,https://img.lazcdn.com/g/ff/kf/Sa31534c49ba14536b60200e3da1901a5y.jpg_720x720q80.jpg_.webp,Điện thoại Nokia C30,QIN Phone Store,1590000,-1,-1,nokia,C30,-1,-1,-1,-1,-1,-1
236,https://img.lazcdn.com/g/p/5902f9c37479817cea7fcb870f00bb93.jpg_720x720q80.jpg_.webp,"Điện thoại siêu phẩm SS_ A72 5G 128GB-Chính hãng newseal 100%, Bảo hành chính hãng 12 tháng.",Bảo Ngọc Mobi,820000,-1,-1,samsung,A72,8,256,Android 11,6.7,12,5000
237,https://img.lazcdn.com/g/p/9fa8e3c283eaa99c8132adccfe44f863.jpg_720x720q80.jpg_.webp,"Điện thoại siêu bền Oukitel WP36(loa to Âm thanh 8D Triple-Cam,Pin 10600mAh,Ram16GB(8+8),Rom128GB,CPU MediaTek 8788)",Tú Linh Mobile,1309000,2618000,50,oukitel,WP36,-1,128,-1,-1,-1,10600
238,https://img.lazcdn.com/g/p/4b8b8c7eb047933849c47c358b8d7984.png_720x720q80.png_.webp,[Mujiss] Memory RAM DDR3 8GB 4GB 1866MHz 1600MHz 1333MHz RAM máy tính để bàn Bộ nhớ 240 chân Dimm 1.35V /1.5V Dimm PC3-12800 14900 HyperX Fury ✫✬,ling4073312,610000,667000,9,-1,Fury,8,-1,-1,-1,-1,-1
239,https://img.lazcdn.com/g/p/9a922c48669018657fe392edef654846.jpg_720x720q80.jpg_.webp,S24 Ultra 5G 16GB+1TB Phiên bản gốc 7.3 inch Pin dung lượng lớn 7800mAh Giá rẻ Vận chuyển miễn phí,Quốc Anh Mobile,1111000,2222000,50,-1,S24 Ultra,16,1,-1,7.3,-1,7800
240,https://img.lazcdn.com/g/p/0eb5915a19ee13533e59b3be65bf46e3.jpg_720x720q80.jpg_.webp,"[DUY NHẤT 9-10.7] [SẠC 25W+TAI NGHE] [QUÀ QUẤN KÈM HÀNG] Điện thoại Samsung Galaxy A36 5G, Màn Hình FHD 6.7”, Mặt lưng kính, AI-My Filter, Chip Snapdragon 6 Gen 3, Sạc 45W",SAMSUNG Flagship Store,8289000,8290000,0,samsung,Galaxy A36 5G,-1,-128,Android 15,6.7,-1,5000
241,https://img.lazcdn.com/g/ff/kf/S94c380e8532a4efaa7351f78c9c30923P.jpg_720x720q80.jpg_.webp,Samsung M53,Ngọc smartphone,7290000,-1,-1,samsung,M53,-1,-1,-1,-1,-1,-1
242,https://img.lazcdn.com/g/ff/kf/S4e765be8f4204282a48315375bc23e0aP.jpg_720x720q80.jpg_.webp,Samsung Galaxy Z Flip4,Ngọc smartphone,14990000,-1,-1,samsung,Galaxy Z Flip4,-1,-1,-1,-1,-1,-1
243,https://img.lazcdn.com/g/ff/kf/S26b709d9f9d44c7da1123da6dea6b984I.jpg_720x720q80.jpg_.webp,Samsung A73,Ngọc smartphone,8990000,-1,-1,samsung,A73,-1,-1,-1,-1,-1,-1
244,https://img.lazcdn.com/g/p/5d75944756c32a7fad2b4640e8135ecb.jpg_720x720q80.jpg_.webp,"Điện thoại SS 24ut máy 2sim mới 100% ram 12G/512G Hàng Chính Hãng, bảo hành 12 tháng",Thành Đạt Mobile88,1550000,3100000,50,-1,-1,12,512,Android 14,6.8,12,5000
249,https://img.lazcdn.com/g/p/ab344f79b1c1a2f2eec197483ef796a0.jpg_720x720q80.jpg_.webp,"Điện thoại Redmi_n0te 14 pro plus Ram 12GB/512GB pin 5110 mAh máy chính hãng, bảo hành 12 tháng",Trường An Mobile,1400000,2800000,50,xiaomi,Redmi Note 14 pro plus,12,512,Android 14,6.67,12,5110
250,https://img.lazcdn.com/g/p/9271980f80d7345f4ad5e0585f5e899f.jpg_720x720q80.jpg_.webp,Mới Điện thoại di động S24 Ultra smartphone 6.8inch Full Screen 6+128GB giá rẻ cho học sinh Miễn phí vận chuyển COD,Quốc Anh Mobile,1111000,2222000,50,samsung,S24 Ultra,-1,128,-1,6.8,-1,-1
252,https://img.lazcdn.com/g/ff/kf/S9bfab743b1a54d2ab4e08a91d76e03a7W.jpg_720x720q80.jpg_.webp,Samsung A53,Ngọc smartphone,6999000,-1,-1,samsung,A53,-1,-1,-1,-1,-1,-1
253,https://img.lazcdn.com/g/p/dcab195e8762e8d11614fff0af838028.png_720x720q80.png_.webp,"Điện thoại chắc chắn Oukitel Wp21 Ultra(camera nhiệt ,FLIR,chống nước,chống sốc,pin 9800mAh,Ram 12Gb,Rom 256Gb)",Thành Đạt Mobile88,1425000,2850000,50,oukitel,Wp21 Ultra,12,256,Android 12,6.78,-1,9800
254,https://img.lazcdn.com/g/p/fabbf38ab74292c93beafc1e49d46394.jpg_720x720q80.jpg_.webp,Phiến Đấu Điện Thoại KRONE 10 Đôi Cao Cấp Bảo Hành 1 Đổi 1,Vật Tư Viễn Thông FiberTel,20000,-1,-1,-1,KRONE 10,-1,-1,,-1.0,12,-1
255,https://img.lazcdn.com/g/ff/kf/S4d164a190abb4520aca759031abc0ee8B.jpg_720x720q80.jpg_.webp,Giá Rẻ Học Sinh，S23 Ultra Điện Thoại Chính Hãng Giá Rẻ 7.3Inch Điện Thoại Di Động Bộ Nhớ Lớn 16+512GB Hai Thẻ Sim Camera 32+64MP Pin 6800mAh Chính Hãng Giá Rẻ,điện tử kỹ thuật số 3C,1287990,2557980,50,samsung,S23 Ultra,16,512,Android,7.3,-1,6800
256,https://img.lazcdn.com/g/p/dae617cc5c61978295cc388d702292c7.jpg_720x720q80.jpg_.webp,"[SALE- RẺ HỦY DIỆT ] Điện thoại 4G giá rẻ Samsung Galaxy A50s 2sim ram 4G/64G, Cấu hình Cao Chiến mọi Game mượt, Chụp ảnh đẹp, máy đủ màu ms47",MS.STORE47,1379000,-1,-1,samsung,Galaxy A50s,4,64,Android 9 (Pie),6.4,-1,4000
257,https://img.lazcdn.com/g/p/e9d1b1dd8250b189c7b501b4aef7415b.jpg_720x720q80.jpg_.webp,"Điện Thoại 5G 2024 - S24 Ultra 7.3"" 16GB/1TB | Pin Khủng + 2 SIM - Ưu Đãi Cho HSSV",Quốc Anh Mobile,1111000,2222000,50,samsung,Galaxy S24 Ultra,16,1,-1,-1.0,-1,-1
258,https://img.lazcdn.com/g/p/724767a6ee1a8450f63d74b616647f8d.jpg_720x720q80.jpg_.webp,"Điện thoại SS A32 máy 2sim ram 6G/128G Chính Hãng, VÂN TAY OK",Thanh Hậu Mobile,800000,1600000,50,samsung,A32,6,128,Android 11,6.4,-1,5000
260,https://img.lazcdn.com/g/ff/kf/S75208029034b4ea6bfec1b04f4d0ebf0N.jpg_720x720q80.jpg_.webp,Samsung s21 5G,Ngọc smartphone,9900000,-1,-1,samsung,-1,-1,-1,-1,-1,-1,-1
261,https://img.lazcdn.com/g/p/28bcd5b0fedd6364f660f0ca0281250c.jpg_720x720q80.jpg_.webp,"Unihertz tank 2 Pro (pin 23800 mAh,Ram 24GB(12+12),Rom 512GB,máy chiếu 2.4K, Android 14,camera 100MP, NFC, cốc sạt 120W)",Tuấn Nguyễn Mobile 88,1409000,2818000,50,-1,tank 2 Pro,24,512,Android 14,-1,-1,23800
262,https://img.lazcdn.com/g/p/01246b2d75adcbbe670496142f3a08b8.jpg_720x720q80.jpg_.webp,Sim vietnammobile giá rẻ hết hạn đăng kí,Tổng Kho Hoài Thu,10000,-1,-1,-1,-1,-1,-1,-1,-1,-1,-1
263,https://img.lazcdn.com/g/p/0d5701acf11a985233e8a97782ca1d35.jpg_720x720q80.jpg_.webp,"Điện thoại siêu phẩm SS_ z f0ld 5 (12GB/256GB)-Chính Hãng, mới 100% bảo hành 12 tháng toàn quốc",Bình Minh Mobile 88,1600000,3200000,50,samsung,Galaxy Z Fold 5,12,256,Android 13,7.6,12,4400
264,https://img.lazcdn.com/g/p/e1b036f4d90d6246add04aa67b41a053.jpg_720x720q80.jpg_.webp,"Điện thoại siêu phẩm mi Mi 15 Utra Cấu hình mạnh, cày game nặng siêu mượt (16+512GB) | Màn hình 6.73 bảo hành 12 tháng",Bình Minh Mobile 88,1600000,3200000,50,xiaomi,Mi 15 Ultra,16,512,Xiaomi HyperOS 2,6.73,12,5410
265,https://img.lazcdn.com/g/p/9f835d69f93686865c300f4454c09bd8.jpg_720x720q80.jpg_.webp,điện thoại Samsunq J3 Pro ram 2G bộ nhớ 16G bản 2 sim,BATTU SHOP,511119,1080000,53,-1,J3 Pro,2,16,,-1,12,-1
266,https://img.lazcdn.com/g/p/abfd91b193e370cbfc843426ebd359fe.jpg_720x720q80.jpg_.webp,"Điện thoại 4G giá rẻ Samsung Galaxy A51 2sim ram 6G/128G, Cấu hình Cao Chiến mọi Game mượt, Chụp ảnh đẹp, BSNTPN",BSNT.PN,229000,-1,-1,samsung,Galaxy A51,6,128,Android 10,6.5,-1,4000
267,https://img.lazcdn.com/g/p/38f07b1e505a3d9793b012bf94db1cb9.jpg_720x720q80.jpg_.webp,i16 Pro Max 512G điện thoại thông minh 6.8inch Màn hình HD đt ghi âm điện thoại rẻ cho học sinh 3G/4G/5G giá rẻ SIM kép,Thanh Hoàng Mobile 88,1398000,2796000,50,-1,-1,-1,512,-1,6.8,-1,-1
268,https://img.lazcdn.com/g/p/e170e944b99f815e25255d8df549d265.jpg_720x720q80.jpg_.webp,"Điện thoại SS 23ut máy 2sim ram 12G/512G Chính Hãng, mới 100% bảo hành 12 tháng toàn quốc",Thuỳ Liên Mobile,1100000,-1,-1,-1,-1,-1,-1,Android 13,6.8,12,5000
269,https://img.lazcdn.com/g/p/cd1cfeaecfd1f9d165fd99254e57e3b3.jpg_720x720q80.jpg_.webp,điện thoại Samsunq J5 Prime ram 2G bộ nhớ 16G sài siêu bền,BATTU SHOP,471419,1080000,56,samsung,J5 Prime,2,16,-1,-1,12,-1
270,https://img.lazcdn.com/g/p/f76a01f1fcc8604a703c5fe313be751a.jpg_720x720q80.jpg_.webp,"Điện thoại Red.mi Note 11 pro 2sim ram 8G/128G, Cấu hình mạnh, cày game nặng siêu mượt, VÂN TAY OK",Quốc Bảo Store86,560000,1600000,65,xiaomi,Note 11 Pro,8,128,"Android 11, MIUI 12.5",6.67,-1,5000
271,https://img.lazcdn.com/g/ff/kf/S0abe67ec55034f28a51f400c6bae3b4bm.jpg_720x720q80.jpg_.webp,Điện thoại joy3 pin 5000 máy zin vỏ cũ,DẾ CỔ NGUYỄN VINH,955350,1200000,20,-1,joy3,-1,-1,-1,-1,-1,5000
272,https://img.lazcdn.com/g/ff/kf/S26376c828feb4493b883891e2fd56a71v.jpg_720x720q80.jpg_.webp,Điện thoại di động S23 ultra Điện thoại phổ thông CPU Siêu điện thoại giá rẻ Mạng 4G điện thoại giá siêu rẻ Android điện thoại rẻ cho học sinh,Asro8g161,1275295,2361657,46,-1,S23 ultra,-1,-1,-1,-1,-1,-1
274,https://img.lazcdn.com/g/ff/kf/S4d164a190abb4520aca759031abc0ee8B.jpg_720x720q80.jpg_.webp,sở hữu Điện thoại S23 Ultra mới 100% Android 6.8inch 2 SIM Cuộc gọi Chơi trò chơi thông minh 16+512GB máy CHÍNH HÃNG Vô cực  nặng mướt Chơi Game,điện tử kỹ thuật số 3C,1286900,2558000,50,samsung,S23 Ultra,16,512,Android 13,6.8,-1,6800
275,https://img.lazcdn.com/g/p/25f1ba63b5498d8747457c0713578eb5.jpg_720x720q80.jpg_.webp,"Điện thoại 4G giá rẻ Samsung Galaxy A51 2sim ram 6G/128G, Cấu hình Cao Chiến mọi Game mượt, Chụp ảnh đẹp,máy đủ màu",BSNT.PN,228000,399000,43,samsung,Galaxy A51,6,128,Android 10,6.5,-1,4000
276,https://img.lazcdn.com/g/p/f28660b3cb1fadc4bc0251d0b6a92bf2.jpg_720x720q80.jpg_.webp,"Điện thoại SS 23ut máy 2sim ram 12G/512G Chính Hãng, bảo hành 12 tháng",Tú Linh Mobile,1300000,2600000,50,samsung,-1,12,512,"Android 13, One UI 5",6.8,12,5000
277,https://img.lazcdn.com/g/p/46adb94ff5bb2bb07e7386372409f852.jpg_720x720q80.jpg_.webp,"Điện thoạimi Mi 14 Utra Cấu hình mạnh, cày game nặng siêu mượt  (16+512GB) | Màn hình 6.73""",Thanh Hậu Mobile,1400000,2800000,50,xiaomi,Mi 14 Ultra,16,512,-1,6.73,-1,-1
278,https://img.lazcdn.com/g/p/ba80465ccbe70feb5e8d16f9b5a40d5c.jpg_720x720q80.jpg_.webp,"[ SALE -RẺ VÔ ĐỊCH ] Điện thoại 4G giá rẻ Samsung Galaxy A51 2sim ram 6G/128G, Cấu hình Cao Chiến mọi Game mượt, Chụp ảnh đẹp,BMM1",BSNT.PN,1009000,-1,-1,samsung,Galaxy A51,6,128,Android 10,6.5,-1,4000
279,https://img.lazcdn.com/g/p/6c801c701ec143648e423fcb82772dcc.jpg_720x720q80.jpg_.webp,S23 Ultra HD điện thoại 7.3 inch bộ nhớ lớn 16 + 1TB Android điện thoại máy ảnh 48+108MP HD Pixel điện thoại di động,Thanh Hoàng Mobile 88,928000,1856000,50,samsung,S23 Ultra,-1,-1,Android,7.3,-1,-1
280,https://img.lazcdn.com/g/p/2e4a23729cb9884d5e338d9e3c85f00c.png_720x720q80.png_.webp,"[ SALE -RẺ VÔ ĐỊCH ] Điện thoại 4G giá rẻ cho học sinh Samsung Galaxy A6 Plus 2sim ram 4G/32G, Cấu hình Cao Chiến mọi Game mượt, Chụp ảnh đẹp, BSNT.PN",BSNT.PN,1249000,-1,-1,samsung,Galaxy A6+ (2018),4,32,Android 8,6.0,-1,3500
281,https://img.lazcdn.com/g/p/8ffef561bcb5d4eca3e78fff25fab798.jpg_720x720q80.jpg_.webp,điện thoại O.P.F.9 Màn hình 6.3 inch Ram 4/64GB Pin 3500 mAh,Nguyên Lê Store,1099000,2000000,45,oppo,F9,-1,64,Android 8.1,6.3,-1,3500
282,https://img.lazcdn.com/g/p/3300a8b7b35760c8ade39755f30469db.jpg_720x720q80.jpg_.webp,điện thoại 0PP0 A93s 5G (8GB/256GB) | Cấu hình Cao Chiến mọi Game mượt - Hàng chính hãng Bảo hành 12 tháng,Lê Hân Store6,700000,-1,-1,oppo,A93s,8,256,"Android 11, ColorOS 11.1",6.5,12,5000
283,https://img.lazcdn.com/g/p/0686787e1089e24efed41330ff931d78.jpg_720x720q80.jpg_.webp,"Điện thoại SIÊU BỀN oukitel wp38(chống va đập,chống nước, Pin 10600 mAh,Ram 12Gb(6+6),Rom 256Gb,Màn hình 6.52 in,NFC)",Minh Thành Mobile 88,900000,1800000,50,oukitel,wp38,-1,-1,-1,6.52,-1,10600
284,https://img.lazcdn.com/g/p/f5eb29d04b110755db15abe4a296be1f.jpg_720x720q80.jpg_.webp,"Điện thoại siêu phẩm SS_ z f0ld 4 256GB-Chính hãng mới 100%, Bảo hành chính hãng 12 tháng.",Tuấn Nguyễn Mobile 88,1400000,2800000,50,samsung,Fold,12,256,Android 12,7.6,12,4400
285,https://img.lazcdn.com/g/p/090bd6f35413f5c0997b8889162cf436.png_720x720q80.png_.webp,"Điện thoại chắc chắn unihertz Tank 3 (pin 23800mAh,sạc nhanh 120W, Ram 32GB(16+16),rom 512GB, ,5G , Android 13)",Thành Đạt Mobile88,1459000,2918000,50,-1,Tank 3,32,512,Android 13,6.79,-1,23800
287,https://img.lazcdn.com/g/p/76d8c56d4d88909d7991894a2e7df94a.jpg_720x720q80.jpg_.webp,"[ SALE -RẺ VÔ ĐỊCH ] Điện thoại 4G giá rẻ Samsung Galaxy A70 2sim ram 6G/128G, Cấu hình Cao Chiến mọi Game mượt, Chụp ảnh đẹp, máy nhiều màu MS47",MS.STORE47,1649000,-1,-1,samsung,Galaxy A70,-1,-1,-1,6.7,-1,4500
288,https://img.lazcdn.com/g/p/a93af6511dccde95fdd9a72b15a77d10.png_720x720q80.png_.webp,Điện Thoại Samsung Galaxy M35 5G - Hàng Chính Hãng,Samsung Shop,8790000,-1,-1,samsung,Galaxy M35 5G,8,256,-1,6.6,12,6000
289,https://img.lazcdn.com/g/p/dcab195e8762e8d11614fff0af838028.png_720x720q80.png_.webp,"Điện thoại chắc chắn Oukitel Wp21 Ultra(camera nhiệt ,FLIR,chống nước,chống sốc,pin 9800mAh,Ram 12Gb,Rom 256Gb)",Minh Trang Shop99,1425000,-1,-1,oukitel,Wp21 Ultra,12,256,Android 12,6.78,-1,9800
290,https://img.lazcdn.com/g/p/3300a8b7b35760c8ade39755f30469db.jpg_720x720q80.jpg_.webp,điện thoại 0PP0 A93s 5G (8GB/256GB) | Cấu hình Cao Chiến mọi Game mượt - Hàng chính hãng Bảo hành 12 tháng,Trường An Mobile,700000,1400000,50,oppo,A93s,8,256,"Android 11, ColorOS 11.1",6.5,12,5000
291,https://img.lazcdn.com/g/p/deb300d4f64afc86eb253e1c30888d99.jpg_720x720q80.jpg_.webp,Ốp điện thoại Urban Kitsune 2: Moon by The Runaway cho đủ dòng máy,The Runaway Shirts,171000,-1,-1,-1,-1,-1,-1,-1,-1,-1,-1
292,https://img.lazcdn.com/g/ff/kf/Sf1618a7f86944b3bb05245cfce7eceec6.jpg_720x720q80.jpg_.webp,5G có 5Gb/ngày,VIVADA MOBILE,500000,-1,-1,-1,-1,-1,-1,-1,-1,-1,-1
293,https://img.lazcdn.com/g/p/549fc3fa7ee835d11af459d03d8cbd37.jpg_720x720q80.jpg_.webp,"Điện thoại SS 22ut máy 2sim ram 12G/256G Chính Hãng, bảo hành 12 tháng",Thanh Hậu Mobile,1200000,2400000,50,-1,-1,12,256,"Android 12, One UI 4.1",6.8,12,5000
294,https://img.lazcdn.com/g/p/674c91cf325950e41cd7550b3f1864cd.jpg_720x720q80.jpg_.webp,điện thoại 0PP0 Ren08pr0 5G (12GB/256GB) | Cấu hình Cao Chiến mọi Game mượt - Hàng chính hãng Bảo hành 12 tháng,Tú Linh Mobile,900000,1800000,50,oppo,Ren08pr0,12,256,"Android 12, ColorOS 12.1",6.7,12,4500
295,https://img.lazcdn.com/g/ff/kf/S09828be7e32a4b09bd0d58923fd75ff8r.jpg_720x720q80.jpg_.webp,"Điện thoại Samsung Galaxy S5 qua sử dụng ( Ram 2/16.  Android 7.1.2 , hỗ trợ 4G )",VintagesMobile,499000,-1,-1,samsung,Galaxy S5,16,-1,Android 7.1.2,-1,-1,-1
296,https://img.lazcdn.com/g/p/647af9d9b61bbff0107ac4f5d2618bfc.png_720x720q80.png_.webp,Điện thoại Samsung Galaxy A54 5G 256GB (2023) - Hàng Chính Hãng,MINH TUẤN MOBILE,11490000,-1,-1,-1,-1,-1,256,-1,-1,-1,-1
297,https://img.lazcdn.com/g/p/1c3f7d1a4c0d4f78db7225576880601d.jpg_720x720q80.jpg_.webp,"Điện thoại 4G giá rẻ Samsung Galaxy A70 2sim ram 6G/128G, Cấu hình Cao Chiến mọi Game mượt, Chụp ảnh đẹp, BSNT",BSNT.PN,1799000,-1,-1,samsung,Galaxy A70,6,128,Android 9 (Pie),6.7,-1,4500
298,https://img.lazcdn.com/g/p/8f96d1f377a18e99452128126615f04d.jpg_720x720q80.jpg_.webp,"Điện thoại SS 24ut máy 2sim ram 12G/512G Chính Hãng, bảo hành 12 tháng",Tú Linh Mobile,1500000,3000000,50,samsung,24ut,12,512,"Android 14, One UI 6.1",6.8,12,5000
299,https://img.lazcdn.com/g/p/549fc3fa7ee835d11af459d03d8cbd37.jpg_720x720q80.jpg_.webp,"Điện thoại SS 22ut máy 2sim ram 12G/256G Chính Hãng, bảo hành 12 tháng",Tuấn Nguyễn Mobile 88,1200000,2400000,50,samsung,22ut,12,256,"Android 12, One UI 4.1",6.8,12,5000
300,https://img.lazcdn.com/g/ff/kf/S3a8e9b07c77c43769576149b0650ed1fJ.jpg_720x720q80.jpg_.webp,samsung j8 3g/32g MÁY ĐẸP KEENG KHÔNG TRẦY XƯỚC SIÊU MƯỢT SIÊU BỀN.,ĐiệnThoai  ThôngMinh,1100000,-1,-1,samsung,j8,-1,-1,Android 8 (Oreo),-1,-1,-1
301,https://img.lazcdn.com/g/p/1d3dc590396f33e0b4fe9062d507d14f.jpg_720x720q80.jpg_.webp,"Điện thoại siêu phẩm SS_ A55 5G 128GB-Chính hãng newseal 100%, Bảo hành chính hãng 12 tháng.",Bảo Ngọc Mobi,1100000,-1,-1,samsung,A55,8,128,Android 14,6.6,12,5000
303,https://img.lazcdn.com/g/p/0bcdfbf785cea87ae8ed481d946d566c.jpg_720x720q80.jpg_.webp,[Chính hãng] Điện thoại 0pp0_FFind_X8 Pr0 (12GB/256GB) - Hàng chính hãng,Tú Linh Mobile,1500000,3000000,50,-1,FFind_X8 Pr0,12,256,Android 15,6.78,-1,5910
305,https://img.lazcdn.com/g/p/46adb94ff5bb2bb07e7386372409f852.jpg_720x720q80.jpg_.webp,"Điện thoạimi Mi 14 Utra Cấu hình mạnh, cày game nặng siêu mượt (16+512GB) mới 100% hàng chính hãng bảo hành 12 tháng toàn quốc",Bình Minh Mobile 88,1400000,2800000,50,xiaomi,Mi 14 Ultra,16,512,Android 14,6.73,12,5000
306,https://img.lazcdn.com/g/p/8acf046fca9c180c128ddfd1239db733.jpg_720x720q80.jpg_.webp,"điện thoại 0PP0 Ren0 10pr0 5G (12GB/256GB) | Cấu hình Cao Chiến mọi Game mượt - Hàng chính hãng Bảo hành 12 tháng""",Sam Sam Mobile,1100000,2200000,50,oppo,Reno 10 Pro,12,256,-1,6.7,-1,4600
307,https://img.lazcdn.com/g/p/a254e8c1c4db9d911c883a740dcc418f.jpg_720x720q80.jpg_.webp,"Điện thoại chắc chắn unihertz Tank 3 (pin  23800mAh,sạc nhanh  120W, Ram 32GB(16+16),rom  512GB, ,5G , Android 13)",Tú Linh Mobile,1459000,2918000,50,-1,Tank 3,32,512,Android 13,-1,-1,23800
308,https://img.lazcdn.com/g/ff/kf/Sae24ff4f73324c9eb55ecfe092f5070eT.jpg_720x720q80.jpg_.webp,Giá Học Sinh S23 Ultra Điện Thoại Full HD 7.3Inch Bộ Nhớ 8+256GB Camera HD Pin 6800mAh Chính Hãng Giá Rẻ,điện tử kỹ thuật số 3C,1178660,2357320,50,samsung,S23 Ultra,8,256,-1,7.3,-1,-1
309,https://img.lazcdn.com/g/p/eae70d287bdad82da8f9be4e6fa2dba0.jpg_720x720q80.jpg_.webp,"[ RẺ HỦY DIỆT ] điện thoại 4G Samsung Galaxy J8 2sim ram 3G/32G Chính Hãng, Chiến Game mượt, Chụp ảnh siêu đẹp - BSNT",BSNT.PN,229000,-1,-1,samsung,Galaxy J8,3,32,Android 8.0 (Oreo),6.0,-1,3500
310,https://img.lazcdn.com/g/p/3300a8b7b35760c8ade39755f30469db.jpg_720x720q80.jpg_.webp,điện thoại 0PP0 A93s 5G (8GB/256GB) | Cấu hình Cao Chiến mọi Game mượt - Hàng chính hãng Bảo hành 12 tháng,Sam Sam Mobile,700000,1400000,50,oppo,A93s,8,256,"Android 11, ColorOS 11.1",6.5,12,5000
311,https://img.lazcdn.com/g/p/46adb94ff5bb2bb07e7386372409f852.jpg_720x720q80.jpg_.webp,"Điện thoạimi Mi 14 Utra Cấu hình mạnh, cày game nặng siêu mượt  (16+512GB) | Màn hình 6.73""",Tuấn Nguyễn Mobile 88,1400000,2800000,50,xiaomi,Mi 14 Ultra,16,512,-1,6.73,-1,-1
312,https://img.lazcdn.com/g/p/8bb9d0949b4a1553e59d53aff6d2803f.jpg_720x720q80.jpg_.webp,"[ SALE -RẺ VÔ ĐỊCH ] Điện thoại 4G giá rẻ Samsung Galaxy A70 2sim ram 6G/128G, Cấu hình Cao Chiến mọi Game mượt, Chụp ảnh đẹp BMS",BSNT.PN,229000,-1,-1,samsung,Galaxy A70,6,128,Android 9 (Pie),6.7,-1,4500
314,https://img.lazcdn.com/g/p/8f96d1f377a18e99452128126615f04d.jpg_720x720q80.jpg_.webp,"Điện thoại SS 24ut máy 2sim ram 12G/512G Chính Hãng, bảo hành 12 tháng",Tuấn Nguyễn Mobile 88,1500000,3000000,50,samsung,S24 Ultra,12,512,"Android 14, One UI 6.1",6.8,12,5000
316,https://img.lazcdn.com/g/p/6916d972afb2767ad53265669d861ddc.jpg_720x720q80.jpg_.webp,"Điện thoại Red.mi Note 14  2sim ram 8G/256G, Cấu hình mạnh, cày game nặng siêu mượt, máy chính hãng, bảo hành 12 tháng",Sam Sam Mobile,1100000,2200000,50,xiaomi,Redmi Note 14,8,256,Xiaomi HyperOS,6.67,-1,5110
317,https://img.lazcdn.com/g/p/5d75944756c32a7fad2b4640e8135ecb.jpg_720x720q80.jpg_.webp,"Điện thoại SS 24ut máy 2sim mới 100% ram 12G/512G Hàng Chính Hãng, bảo hành 12 tháng",Bình Minh Mobile 88,1550000,3100000,50,-1,-1,-1,-1,,-1.0,-1,-1
318,https://img.lazcdn.com/g/p/ba969a01259cabd4746c1dee00ad9605.jpg_720x720q80.jpg_.webp,"Điện thoại chắc chắn Oukitel Wp21 Ultra(camera nhiệt ,FLIR,chống nước,chống sốc,pin 9800mAh,Ram 12Gb,Rom 256Gb)",Tuấn Nguyễn Mobile 88,1459000,2918000,50,oukitel,Wp21 Ultra,12,256,-1,-1.0,-1,9800
319,https://img.lazcdn.com/collect/social-img/d45938c4c87d4fac8eb5e1b7a05160d0_193e0882e2a842bfaefb55558b134a89.png_720x720q80.png_.webp,Samsung A01 Core androi go 11 siêu mượt hỗ trợ nhiều app giải trí,Phone Cheap,580000,-1,-1,samsung,A01 Core,-1,-1,Android 11,-1,-1,-1
320,https://img.lazcdn.com/g/ff/kf/Sb4acd946a2834c57adcec79a6b75f818F.jpg_720x720q80.jpg_.webp,"Điện thoại Gaming Redmi Note 5 Pro Chip Snap 636 bản 4/64G kèm thẻ nhớ, tay cầm gaming PS2, PSP, PS1",Dịch vụ Minh Tuấn,1020000,-1,-1,xiaomi,Redmi Note 5 Pro,4,64,-1,-1,-1,4000
321,https://img.lazcdn.com/g/ff/kf/S70372af53b1e4c9e934c5283c06236ddN.jpg_720x720q80.jpg_.webp,Điênk thoại giá rẻ kiểu dáng nhỏ gọn bền bỉ j5prime,BÁCH HOÁ KIM 6989,549000,985000,44,-1,j5prime,-1,-1,-1,-1,-1,-1
322,https://img.lazcdn.com/g/p/6511a36f6bd5b3f1a264643cd4166036.jpg_720x720q80.jpg_.webp,điện thoại 0PP0 A92 (8GB/128GB) | Cấu hình Cao Chiến mọi Game mượt - Hàng chính hãng Bảo hành 12 tháng,Lê Hân Store6,720000,-1,-1,oppo,A92,8,128,Android,6.5,12,-1
329,https://img.lazcdn.com/g/p/9b095e25df555170a3338be4f1e2e1ad.jpg_720x720q80.jpg_.webp,"Điện thoại di động chắc chắn Oukitel WP32 Pro, RAM 24Gb(6GB + 18GB),ROM 256GB,Màn hình 6 inch HD,camera 20MP, NFC)",Thành Đạt Mobile88,1025000,2050000,50,samsung,Galaxy S20,-1,-1,-1,Không rõ,-1,- Không rõ
